id,index,middle,ring,little,thumb
0,546,540,562,526,402
1,569,536,554,540,407
2,565,538,546,526,417
3,564,533,552,535,418
4,561,534,551,534,415
5,562,528,551,533,418
6,563,538,552,531,416
7,556,534,550,532,406
8,568,533,543,535,418
9,561,539,552,522,422
10,563,532,553,533,421
11,562,531,552,530,417
12,565,538,549,547,400
13,565,537,555,524,431
14,563,528,565,530,411
15,556,533,554,540,419
16,561,530,550,537,414
17,561,531,550,535,420
18,565,531,550,535,418
19,560,524,558,550,420
20,566,546,553,517,415
21,563,536,548,536,424
22,564,532,560,542,421
23,561,531,549,539,420
24,561,532,547,538,419
25,562,540,552,546,407
26,579,545,539,530,418
27,558,532,540,536,410
28,548,523,552,550,424
29,558,535,546,534,416
30,557,534,545,537,420
31,557,533,548,536,424
32,555,528,557,530,422
33,555,530,542,519,422
34,556,527,547,563,429
35,562,533,552,546,414
36,560,535,548,536,417
37,559,533,548,539,422
38,560,517,548,537,424
39,560,539,537,518,419
40,564,530,544,548,429
41,558,532,555,545,417
42,559,533,549,543,417
43,558,536,545,537,417
44,559,532,547,536,411
45,562,529,541,539,420
46,564,528,547,549,427
47,552,520,554,550,419
48,560,539,546,539,417
49,562,531,551,542,421
50,561,533,549,539,422
51,552,542,551,542,407
52,553,528,546,538,413
53,560,524,541,549,427
54,557,543,554,544,425
55,555,529,544,543,417
56,560,530,547,539,421
57,567,530,550,539,418
58,554,521,554,541,430
59,562,533,540,532,422
60,572,532,540,552,429
61,560,529,551,540,424
62,560,534,548,537,420
63,560,533,546,539,421
64,562,532,550,543,418
65,549,534,560,551,422
66,553,523,555,535,426
67,554,529,550,546,411
68,558,532,548,542,417
69,559,535,545,539,418
70,556,531,550,550,417
71,556,533,549,542,415
72,558,526,548,534,422
73,565,538,547,539,414
74,561,528,551,527,418
75,561,536,548,538,418
76,561,533,547,540,422
77,568,532,545,535,426
78,562,540,553,537,418
79,564,545,542,548,416
80,556,524,543,554,419
81,561,533,547,540,422
82,557,532,545,538,420
83,556,536,550,536,420
84,569,522,543,548,431
85,546,527,551,540,416
86,553,531,550,540,414
87,563,534,546,529,425
88,563,535,546,538,422
89,560,533,547,538,422
90,559,527,545,534,424
91,554,547,556,526,413
92,545,526,551,557,430
93,560,535,554,535,417
94,560,536,546,538,419
95,559,531,547,539,419
96,556,531,543,542,420
97,572,541,542,534,413
98,556,532,549,538,415
99,552,532,548,523,408
100,560,535,550,540,417
101,557,532,548,541,421
102,560,534,548,541,418
103,564,537,556,536,414
104,552,522,542,557,418
105,559,521,548,539,430
106,567,541,548,537,415
107,560,535,546,539,415
108,561,532,547,537,416
109,554,528,547,539,420
110,548,526,551,549,415
111,553,533,551,544,429
112,563,537,546,534,418
113,558,534,549,545,420
114,562,533,546,540,416
115,560,535,548,541,422
116,553,536,552,541,418
117,574,530,540,548,424
118,559,545,552,537,409
119,560,538,545,538,417
120,560,533,546,542,414
121,559,532,546,539,416
122,560,528,546,532,420
123,559,522,543,538,413
124,554,540,554,525,420
125,562,529,545,553,420
126,561,530,548,540,416
127,561,534,549,536,416
128,558,533,548,540,417
129,559,537,548,535,417
130,563,538,551,537,414
131,549,550,560,532,412
132,551,538,548,540,422
133,562,532,546,535,416
134,557,530,547,539,419
135,559,529,544,537,423
136,544,521,547,536,429
137,555,520,547,551,427
138,552,524,558,544,420
139,561,532,547,539,420
140,560,532,551,538,418
141,559,536,550,538,421
142,555,536,552,545,423
143,569,533,548,531,424
144,558,526,552,534,415
145,557,534,553,545,416
146,559,534,548,537,418
147,560,533,548,536,418
148,557,525,554,535,417
149,546,529,557,548,426
150,557,545,557,525,404
151,560,524,557,533,424
152,562,530,551,544,419
153,560,533,553,537,416
154,564,533,546,535,412
155,553,539,553,536,416
156,554,543,550,526,417
157,561,524,551,535,416
158,557,524,547,530,420
159,558,533,551,536,415
160,561,533,548,532,415
161,568,535,547,526,418
162,558,530,544,539,417
163,565,519,542,551,415
164,570,528,543,533,424
165,563,532,552,536,418
166,563,532,551,534,418
167,559,535,550,524,426
168,566,540,557,534,427
169,564,533,550,551,416
170,560,536,555,534,409
171,559,527,546,518,417
172,562,530,550,534,420
173,562,531,547,533,415
174,559,540,554,518,412
175,561,519,547,518,415
176,564,529,542,548,438
177,563,528,557,537,410
178,562,531,549,530,417
179,564,534,548,532,420
180,570,535,553,530,421
181,565,536,549,532,419
182,562,532,553,542,412
183,558,533,556,538,418
184,568,534,549,534,417
185,564,532,549,533,417
186,561,531,549,530,414
187,561,539,551,526,416
188,575,534,542,520,410
189,569,533,552,519,412
190,565,532,553,530,416
191,563,531,550,532,423
192,564,533,552,535,420
193,563,525,554,531,427
194,569,533,547,536,439
195,563,525,548,545,412
196,554,532,556,544,417
197,563,530,546,534,415
198,561,536,548,532,414
199,561,528,547,531,417
200,555,538,552,524,413
201,558,525,549,538,427
202,568,526,548,528,403
203,566,533,554,529,416
204,565,531,549,533,418
205,565,534,550,535,417
206,559,542,553,534,414
207,550,522,561,542,415
208,560,539,554,524,412
209,564,534,542,534,417
210,563,529,548,529,416
211,564,532,550,531,415
212,558,534,552,535,416
213,566,535,546,532,412
214,575,524,552,535,416
215,554,532,552,538,421
216,567,527,547,530,416
217,563,533,550,530,417
218,562,536,550,533,417
219,567,533,558,549,412
220,554,517,549,560,428
221,572,540,547,539,422
222,562,542,557,514,415
223,562,533,549,532,417
224,564,534,549,533,417
225,570,533,550,529,421
226,562,533,550,527,399
227,570,528,544,551,415
228,559,530,561,537,411
229,558,531,553,538,417
230,565,534,550,533,416
231,564,534,551,533,420
232,558,526,546,541,416
233,574,526,543,553,428
234,568,529,552,530,417
235,567,520,544,538,420
236,563,530,548,535,420
237,560,528,550,530,419
238,559,536,549,537,432
239,555,532,548,534,409
240,553,529,552,528,426
241,560,535,551,538,424
242,562,534,547,522,421
243,562,531,550,533,421
244,562,530,549,531,427
245,568,540,540,535,419
246,575,532,538,536,421
247,561,537,554,534,425
248,556,537,552,537,423
249,561,532,547,527,421
250,561,529,547,528,421
251,567,521,543,528,423
252,575,537,539,531,426
253,560,530,540,531,417
254,552,539,544,531,422
255,562,533,550,526,424
256,562,532,549,529,423
257,561,533,549,532,422
258,557,532,544,533,429
259,570,529,536,512,418
260,573,529,547,520,417
261,568,532,547,517,427
262,562,532,548,534,422
263,558,529,547,531,420
264,571,528,548,534,419
265,558,527,543,521,431
266,549,533,545,520,420
267,563,539,561,533,429
268,561,529,548,533,424
269,564,534,549,531,420
270,560,532,549,530,429
271,560,523,548,539,425
272,566,533,548,538,426
273,568,523,540,526,431
274,549,527,549,536,410
275,559,535,550,529,426
276,560,531,547,528,424
277,567,538,550,533,414
278,541,531,557,535,428
279,566,535,548,521,415
280,565,526,545,537,410
281,554,526,542,530,423
282,562,533,549,526,427
283,561,533,549,530,427
284,565,541,551,526,426
285,553,529,545,520,416
286,572,543,551,510,412
287,558,537,552,530,421
288,559,534,550,529,429
289,557,531,549,532,441
290,548,533,548,540,452
291,555,526,542,542,455
292,549,530,545,513,460
293,560,547,544,534,463
294,566,539,543,528,457
295,559,531,552,527,455
296,560,532,548,531,451
297,550,529,549,538,463
298,552,515,558,557,474
299,563,552,552,517,449
300,565,532,538,531,449
301,556,529,547,527,444
302,557,531,546,530,448
303,561,525,547,528,441
304,554,532,544,529,456
305,568,522,537,530,450
306,549,532,544,533,443
307,558,541,559,551,442
308,561,530,548,535,443
309,562,532,549,537,446
310,569,539,546,537,443
311,564,512,538,543,452
312,557,547,554,525,443
313,556,530,555,527,438
314,558,530,548,529,445
315,560,533,547,533,437
316,555,536,548,535,438
317,568,540,546,541,440
318,550,531,549,549,456
319,552,541,561,542,445
320,558,554,554,542,443
321,559,541,553,541,439
322,562,539,552,540,440
323,561,548,554,530,443
324,554,551,560,532,434
325,556,541,555,531,431
326,559,540,551,526,437
327,559,537,552,543,437
328,564,540,553,540,437
329,563,540,551,531,435
330,566,536,554,539,439
331,577,535,538,552,440
332,564,535,564,545,440
333,565,545,557,557,432
334,569,541,552,531,440
335,572,543,554,533,438
336,577,541,555,530,432
337,582,549,546,531,450
338,570,549,547,532,428
339,570,546,554,550,440
340,570,547,558,548,432
341,567,546,555,531,435
342,570,544,552,534,434
343,575,544,550,527,435
344,569,559,555,494,417
345,581,550,548,525,445
346,574,531,557,530,431
347,569,542,553,540,434
348,575,545,553,531,439
349,574,539,551,529,436
350,575,552,547,526,430
351,566,529,547,567,447
352,566,554,549,548,430
353,572,558,553,535,443
354,568,546,552,533,434
355,571,544,553,536,435
356,561,532,547,543,439
357,564,548,553,522,420
358,565,538,564,525,436
359,574,542,550,527,435
360,567,541,556,542,432
361,572,547,554,536,437
362,569,547,553,538,433
363,578,548,545,535,435
364,562,561,545,517,426
365,572,529,553,549,435
366,567,546,549,539,438
367,567,544,551,538,433
368,569,544,552,531,436
369,565,545,544,548,442
370,570,547,552,524,444
371,577,538,551,537,420
372,578,537,556,547,450
373,572,540,547,533,444
374,569,542,552,540,438
375,569,544,552,539,440
376,563,532,557,548,438
377,572,551,550,528,443
378,556,548,554,533,447
379,574,552,544,528,430
380,570,541,552,538,440
381,566,545,550,537,436
382,571,539,553,535,444
383,573,552,553,517,429
384,560,540,566,526,420
385,560,516,555,539,453
386,566,539,555,545,439
387,571,541,553,537,442
388,570,545,552,536,437
389,564,548,560,535,430
390,589,548,543,522,434
391,558,545,555,527,451
392,560,546,560,532,427
393,565,542,551,544,435
394,570,543,553,528,441
395,565,543,552,531,435
396,570,534,556,531,429
397,563,544,562,534,442
398,561,528,565,552,434
399,559,539,565,539,440
400,572,544,553,532,440
401,569,544,553,536,440
402,569,549,551,542,440
403,572,538,560,546,435
404,572,551,542,519,425
405,557,543,560,553,436
406,569,546,546,522,441
407,566,546,553,527,438
408,568,540,550,532,436
409,570,543,550,539,437
410,577,551,552,501,424
411,573,547,540,540,440
412,568,544,564,534,422
413,570,543,553,528,435
414,567,544,554,536,440
415,572,549,559,532,441
416,575,548,554,518,436
417,559,523,552,564,451
418,558,559,554,544,444
419,569,547,553,528,440
420,569,543,554,534,434
421,568,543,554,530,437
422,577,531,551,521,447
423,568,542,543,520,437
424,573,540,545,555,430
425,580,540,553,564,435
426,566,541,548,550,441
427,569,545,551,539,439
428,570,543,554,535,437
429,563,549,556,529,434
430,582,560,551,538,422
431,562,560,554,512,425
432,569,548,551,525,450
433,567,544,552,542,435
434,570,543,556,532,439
435,570,546,546,530,432
436,568,544,554,534,441
437,567,559,556,512,422
438,558,555,556,522,421
439,568,557,549,530,440
440,567,543,553,536,437
441,570,546,555,535,440
442,568,538,554,531,437
443,569,541,548,544,445
444,569,538,544,550,439
445,564,545,548,530,424
446,568,548,554,546,431
447,568,542,553,528,436
448,568,543,553,534,437
449,571,546,564,549,446
450,569,534,539,528,439
451,571,544,561,520,444
452,566,545,550,544,450
453,569,545,558,545,440
454,569,543,554,531,438
455,572,539,554,535,441
456,563,549,550,533,427
457,572,538,555,552,443
458,580,554,545,540,445
459,570,534,542,521,444
460,571,546,551,532,436
461,568,543,553,530,437
462,562,546,556,535,433
463,563,541,545,516,438
464,578,547,560,508,436
465,552,530,565,551,435
466,570,545,556,534,439
467,569,545,553,539,442
468,568,544,552,536,440
469,570,541,544,544,434
470,578,542,565,536,441
471,566,536,561,544,454
472,578,542,550,526,444
473,567,550,554,533,438
474,564,546,552,525,440
475,567,545,552,531,437
476,572,546,552,530,442
477,573,535,550,551,449
478,565,527,558,541,453
479,574,555,545,514,455
480,568,543,554,531,439
481,570,547,554,535,441
482,568,551,550,544,446
483,572,547,544,522,448
484,573,546,555,564,429
485,569,533,552,542,443
486,563,545,554,540,443
487,570,543,555,524,436
488,568,543,551,531,437
489,559,542,552,526,434
490,577,536,549,536,445
491,573,549,552,512,434
492,557,554,558,513,431
493,571,545,549,522,446
494,572,544,553,541,439
495,569,545,554,535,440
496,563,553,557,514,432
497,567,533,554,551,438
498,561,554,549,527,438
499,571,558,566,522,441
500,568,545,554,529,440
501,567,548,552,532,437
502,572,539,550,531,436
503,568,556,543,520,428
504,573,534,556,526,445
505,569,538,553,531,447
506,563,540,559,530,440
507,568,544,552,529,439
508,569,546,554,530,438
509,565,539,552,530,424
510,568,549,545,536,443
511,564,559,542,529,431
512,571,548,564,532,442
513,559,553,552,550,432
514,569,544,551,532,435
515,566,543,551,534,437
516,570,548,552,538,427
517,583,533,539,532,445
518,559,534,551,536,425
519,561,542,557,532,444
520,572,548,552,532,443
521,572,547,553,538,436
522,568,544,554,534,441
523,556,537,559,552,446
524,575,543,542,517,435
525,546,546,556,545,430
526,564,552,546,524,435
527,568,543,550,536,439
528,564,543,552,528,436
529,571,542,545,532,436
530,565,544,551,528,441
531,563,542,549,531,429
532,569,531,558,535,448
533,572,541,547,503,441
534,572,543,553,534,442
535,568,546,553,536,440
536,562,554,550,539,441
537,563,537,553,539,440
538,571,533,554,549,443
539,555,554,546,525,428
540,563,548,551,529,432
541,566,546,550,536,437
542,565,545,551,528,438
543,560,547,549,534,435
544,566,525,560,561,449
545,556,535,556,542,438
546,577,545,557,525,435
547,567,546,559,533,434
548,573,546,551,534,439
549,570,546,554,535,440
550,572,546,553,540,438
551,574,551,541,525,443
552,578,542,544,541,446
553,572,550,551,542,437
554,568,544,551,537,437
555,567,543,553,533,437
556,565,547,553,527,437
557,568,545,552,544,436
558,559,550,554,509,434
559,572,559,544,523,429
560,565,548,555,540,446
561,567,544,553,534,440
562,566,544,551,533,441
563,573,547,554,539,434
564,567,527,551,551,458
565,576,549,545,553,427
566,559,539,528,537,423
567,568,551,549,527,440
568,564,545,553,534,439
569,566,544,551,528,438
570,562,538,563,549,431
571,570,563,556,495,418
572,562,557,549,545,422
573,558,564,549,526,431
574,568,552,556,544,440
575,566,547,552,532,442
576,569,548,554,534,441
577,561,554,560,513,426
578,572,552,555,542,430
579,568,554,549,511,430
580,578,542,544,525,445
581,563,548,552,528,436
582,565,545,554,531,436
583,570,544,551,528,434
584,561,540,553,531,449
585,560,540,544,535,438
586,557,549,564,540,446
587,570,551,558,532,442
588,561,544,554,532,445
589,566,548,555,534,442
590,566,545,555,525,439
591,570,558,544,512,432
592,569,552,552,543,437
593,552,559,563,510,447
594,566,549,548,509,444
595,566,549,549,529,434
596,561,544,550,529,438
597,553,549,561,528,436
598,562,523,553,537,444
599,579,530,551,532,445
600,561,538,565,528,445
601,566,548,557,542,440
602,565,547,553,534,441
603,570,546,553,536,439
604,562,538,553,556,445
605,564,544,563,535,430
606,559,540,549,541,458
607,564,553,557,516,435
608,566,544,550,537,438
609,566,546,551,528,439
610,565,541,552,531,438
611,577,536,539,548,449
612,545,547,560,539,444
613,561,538,551,541,454
614,560,539,544,525,432
615,568,546,551,531,444
616,567,546,553,535,441
617,570,554,551,538,449
618,562,555,561,520,426
619,560,537,557,551,443
620,570,533,560,526,451
621,562,539,548,523,432
622,564,543,553,526,437
623,564,544,552,529,439
624,567,552,549,534,440
625,558,536,549,532,439
626,543,543,561,549,441
627,570,540,552,545,440
628,565,544,552,529,439
629,566,543,555,531,442
630,566,547,554,535,438
631,577,559,552,533,427
632,566,555,551,524,437
633,557,563,550,524,443
634,553,537,553,547,443
635,566,544,550,529,441
636,565,541,552,528,440
637,575,547,551,529,443
638,573,545,550,535,441
639,583,535,543,555,452
640,562,523,559,548,444
641,564,562,565,528,443
642,564,548,553,532,440
643,566,547,551,531,443
644,562,546,556,543,443
645,552,557,562,516,434
646,566,530,558,543,448
647,566,555,555,508,425
648,568,546,555,524,444
649,565,547,551,531,438
650,565,546,551,530,439
651,562,541,558,519,446
652,564,563,545,530,435
653,558,541,556,515,435
654,571,542,544,562,445
655,567,546,552,524,440
656,563,547,550,528,439
657,567,547,553,535,441
658,566,554,551,522,437
659,552,557,545,493,421
660,569,543,552,539,450
661,567,553,547,542,433
662,566,543,552,525,436
663,566,544,553,527,437
664,564,547,552,531,436
665,559,539,559,522,438
666,558,546,563,534,447
667,567,532,553,537,443
668,560,550,562,520,436
669,562,542,554,536,436
670,563,546,555,532,436
671,563,545,548,542,445
672,550,541,559,531,441
673,569,549,568,518,430
674,557,548,568,536,442
675,556,545,549,535,435
676,566,545,549,528,435
677,565,544,552,530,434
678,578,545,554,520,430
679,566,544,561,528,431
680,564,535,550,556,430
681,566,545,557,541,435
682,568,545,550,540,442
683,563,548,552,534,440
684,565,547,554,538,437
685,572,544,544,528,434
686,565,556,558,542,437
687,562,541,562,554,449
688,572,534,550,528,442
689,566,543,552,529,437
690,563,547,551,528,438
691,561,537,552,527,439
692,564,554,557,520,440
693,580,536,540,538,457
694,552,548,550,539,432
695,573,552,555,517,447
696,567,544,553,530,440
697,566,546,555,533,439
698,555,546,547,528,433
699,561,542,562,548,435
700,570,542,555,540,443
701,571,556,555,541,435
702,572,542,550,521,442
703,567,544,551,528,434
704,564,543,554,532,438
705,555,552,550,540,426
706,556,546,560,534,429
707,570,551,545,530,424
708,563,538,553,534,435
709,566,545,552,537,442
710,569,548,552,535,437
711,565,547,555,535,440
712,555,547,558,538,448
713,571,556,553,522,442
714,571,553,553,527,426
715,558,529,556,547,438
716,564,547,551,535,435
717,564,546,552,531,434
718,565,541,550,531,434
719,555,545,556,538,434
720,566,554,556,517,425
721,557,554,562,513,432
722,571,544,549,532,434
723,566,545,552,532,435
724,565,545,555,530,437
725,563,549,557,530,440
726,570,557,551,524,417
727,571,548,557,508,435
728,562,548,559,512,430
729,556,538,553,539,433
730,564,542,552,528,437
731,563,545,553,532,433
732,579,538,544,537,431
733,569,557,552,501,426
734,569,549,558,505,419
735,565,534,555,537,436
736,568,550,552,524,439
737,564,545,554,534,437
738,568,545,554,532,439
739,569,548,555,524,422
740,563,540,553,525,438
741,571,553,545,549,437
742,555,542,547,528,432
743,563,545,548,527,434
744,563,543,554,536,433
745,562,541,554,527,428
746,561,551,563,520,432
747,555,549,562,524,433
748,564,541,558,533,443
749,567,550,555,526,436
750,560,543,552,532,440
751,564,546,553,535,437
752,571,544,552,534,440
753,565,537,562,547,438
754,566,537,553,542,438
755,564,553,555,523,429
756,566,542,546,530,438
757,565,545,551,533,437
758,564,543,551,530,434
759,564,540,548,549,440
760,554,548,566,528,447
761,566,541,544,545,437
762,564,540,562,538,434
763,565,546,556,532,437
764,563,542,553,534,437
765,560,541,553,536,436
766,570,548,543,547,440
767,576,551,547,527,423
768,574,538,534,530,431
769,575,547,552,513,426
770,563,544,551,528,434
771,566,544,552,531,434
772,568,546,551,532,437
773,573,535,550,536,444
774,552,542,564,518,438
775,569,536,550,550,445
776,566,545,552,535,438
777,565,544,552,533,440
778,565,545,554,535,439
779,568,551,559,535,441
780,562,540,555,547,446
781,576,545,556,519,434
782,559,535,557,558,445
783,561,543,551,544,435
784,562,544,552,532,437
785,563,543,552,530,434
786,558,552,554,513,439
787,574,556,551,499,423
788,555,531,552,561,451
789,564,543,552,517,435
790,565,546,553,529,437
791,564,546,549,533,435
792,564,540,556,533,438
793,568,544,550,529,437
794,572,546,555,534,445
795,570,533,549,555,442
796,567,545,539,531,433
797,562,545,552,532,434
798,565,544,552,525,436
799,558,544,552,527,433
800,559,544,554,525,429
801,560,536,554,527,431
802,562,536,554,529,436
803,561,541,551,529,432
804,564,545,553,535,436
805,566,547,554,535,436
806,564,557,557,529,435
807,575,550,554,509,425
808,570,548,551,532,440
809,565,548,538,535,437
810,565,540,549,523,437
811,565,546,553,525,435
812,563,544,551,528,434
813,553,542,564,528,429
814,564,545,555,524,425
815,568,543,551,512,439
816,563,548,558,538,436
817,564,546,558,538,439
818,564,546,552,530,439
819,560,549,554,537,436
820,568,554,546,516,426
821,563,541,545,543,455
822,565,555,556,531,434
823,555,539,545,552,416
824,563,543,554,540,436
825,562,545,552,533,433
826,561,544,560,539,438
827,565,547,548,531,435
828,575,528,549,515,438
829,558,537,568,556,448
830,561,541,547,523,430
831,564,546,551,525,438
832,564,547,553,535,438
833,566,550,553,516,429
834,559,543,559,544,440
835,565,543,555,553,430
836,567,562,544,526,421
837,560,547,554,531,437
838,563,542,552,529,436
839,562,544,553,530,434
840,567,556,557,549,429
841,560,545,557,532,423
842,568,535,551,534,432
843,563,547,552,551,436
844,561,552,555,530,435
845,563,547,551,534,435
846,563,549,553,532,437
847,548,554,555,532,442
848,558,541,561,550,444
849,569,549,546,533,443
850,569,536,551,552,438
851,560,545,556,541,437
852,562,544,551,536,436
853,567,543,552,527,445
854,573,546,548,528,427
855,573,559,546,505,432
856,569,539,545,540,440
857,564,551,555,523,447
858,566,546,553,533,439
859,564,544,551,530,439
860,560,545,559,528,437
861,563,555,557,536,436
862,576,546,537,529,435
863,568,553,554,522,440
864,560,548,551,519,439
865,558,543,552,530,436
866,562,545,551,524,437
867,557,539,550,541,434
868,557,529,551,534,451
869,562,559,546,518,431
870,562,552,552,548,436
871,552,540,546,521,438
872,564,545,553,536,439
873,561,545,551,533,438
874,557,546,559,529,438
875,560,548,557,549,436
876,553,551,559,535,426
877,574,559,547,515,425
878,562,541,551,527,435
879,559,541,553,529,435
880,560,543,552,527,436
881,561,540,548,522,448
882,545,542,560,515,440
883,574,537,553,528,454
884,568,545,553,536,438
885,562,544,550,534,442
886,562,540,554,533,440
887,563,545,552,532,438
888,568,535,547,545,434
889,568,562,548,539,430
890,572,551,543,542,444
891,546,555,560,537,430
892,558,539,550,527,434
893,564,543,553,527,436
894,565,540,551,530,437
895,555,556,547,524,428
896,559,549,553,533,437
897,557,533,545,551,449
898,558,544,559,524,431
899,566,543,558,536,442
900,563,545,553,534,438
901,562,546,553,530,434
902,560,546,561,529,430
903,558,551,558,516,430
904,554,544,548,544,433
905,556,543,550,550,441
906,564,542,550,532,435
907,560,543,554,536,436
908,552,539,552,537,433
909,552,555,552,510,419
910,557,540,549,545,426
911,553,545,561,510,422
912,559,530,558,532,431
913,563,546,552,532,437
914,564,542,553,533,436
915,559,541,553,536,447
916,561,533,543,541,438
917,558,546,559,538,424
918,551,548,556,515,431
919,558,537,555,542,437
920,565,544,552,528,434
921,563,542,550,531,435
922,570,550,546,517,436
923,578,536,546,558,444
924,554,526,559,526,434
925,566,533,542,530,430
926,561,542,555,529,432
927,564,544,551,536,441
928,564,544,554,534,438
929,564,550,546,528,436
930,557,537,557,546,443
931,577,537,542,543,435
932,555,548,558,519,434
933,565,543,550,532,439
934,561,542,554,532,436
935,557,544,552,530,437
936,564,549,545,530,431
937,572,555,540,510,427
938,566,540,557,513,447
939,557,551,555,522,438
940,561,547,555,532,440
941,562,541,553,532,440
942,560,545,551,532,447
943,559,541,557,548,444
944,545,532,571,543,439
945,576,533,550,538,434
946,552,547,549,526,437
947,562,547,552,523,438
948,561,543,552,527,438
949,565,545,550,526,438
950,562,535,548,536,437
951,563,547,549,505,429
952,551,530,563,540,447
953,566,536,546,517,438
954,564,542,554,535,440
955,563,544,554,530,438
956,560,547,549,542,437
957,555,549,555,528,423
958,560,545,549,529,443
959,570,526,558,538,453
960,564,544,553,527,440
961,559,543,552,529,438
962,561,542,552,527,436
963,551,537,560,535,438
964,563,548,560,524,429
965,560,548,553,531,423
966,555,563,545,513,427
967,560,543,556,536,433
968,563,544,555,537,441
969,563,543,553,533,438
970,567,548,549,533,422
971,566,547,546,546,444
972,567,551,549,531,441
973,555,542,559,514,442
974,562,545,548,524,441
975,564,544,551,529,438
976,562,542,551,529,439
977,560,553,557,522,431
978,574,529,546,512,447
979,569,553,558,501,440
980,556,539,559,539,441
981,562,547,554,536,437
982,560,545,553,533,441
983,565,543,558,534,434
984,556,555,546,536,440
985,560,538,568,538,441
986,551,543,560,540,449
987,556,547,548,532,433
988,563,544,552,526,438
989,559,543,552,533,437
990,560,548,557,523,442
991,555,543,554,519,433
992,561,550,552,494,436
993,562,553,556,515,432
994,561,546,557,537,441
995,564,540,552,532,439
996,561,546,551,531,442
997,567,549,558,534,440
998,572,559,556,525,425
999,568,547,548,541,437
1000,553,542,561,531,431
1001,560,536,551,547,441
1002,560,541,549,527,438
1003,562,542,551,531,438
1004,565,545,553,520,441
1005,551,552,564,504,439
1006,571,551,548,517,428
1007,577,541,545,529,437
1008,564,545,555,530,438
1009,560,546,551,528,439
1010,563,546,554,531,440
1011,555,555,562,523,440
1012,551,557,555,517,431
1013,566,543,549,522,447
1014,555,535,560,549,448
1015,561,544,551,513,438
1016,561,540,553,532,435
1017,561,544,552,526,445
1018,560,539,557,539,447
1019,554,538,554,535,435
1020,554,553,555,506,427
1021,561,527,552,539,441
1022,560,540,551,535,441
1023,563,545,554,523,439
1024,563,537,559,524,447
1025,552,542,558,527,439
1026,570,538,549,535,455
1027,552,547,553,526,433
1028,567,547,554,535,442
1029,561,543,549,526,439
1030,560,541,550,523,437
1031,564,543,551,515,444
1032,560,544,562,536,437
1033,561,531,557,544,444
1034,556,537,564,530,446
1035,550,545,544,531,444
1036,561,544,557,530,440
1037,562,544,553,533,442
1038,562,545,551,521,446
1039,577,539,551,535,447
1040,556,541,556,520,456
1041,560,544,560,530,448
1042,564,547,559,528,442
1043,562,538,553,530,437
1044,561,545,553,526,439
1045,561,543,554,524,450
1046,558,553,547,499,438
1047,565,550,545,524,436
1048,554,531,562,539,445
1049,562,546,550,523,445
1050,560,545,556,533,442
1051,563,544,554,530,441
1052,547,551,562,525,448
1053,573,549,558,520,432
1054,563,544,561,494,437
1055,576,545,550,556,444
1056,566,540,552,527,444
1057,560,545,552,523,440
1058,560,544,552,525,440
1059,566,533,547,543,457
1060,551,529,560,523,440
1061,574,554,553,507,431
1062,573,537,551,522,438
1063,563,542,553,529,446
1064,562,544,556,530,441
1065,558,545,553,531,442
1066,555,555,556,540,439
1067,562,552,556,526,439
1068,547,546,560,533,441
1069,568,568,559,539,427
1070,560,540,552,526,439
1071,558,543,552,527,438
1072,567,543,556,524,438
1073,562,540,555,523,436
1074,566,533,547,566,448
1075,564,551,557,516,435
1076,568,548,564,517,430
1077,562,543,552,531,444
1078,564,546,554,525,442
1079,558,547,551,526,433
1080,557,550,562,531,436
1081,562,551,552,507,440
1082,561,555,555,540,440
1083,552,544,559,533,428
1084,562,542,553,528,442
1085,558,543,551,526,439
1086,565,547,558,522,444
1087,571,539,552,538,452
1088,555,539,549,521,439
1089,570,545,551,527,445
1090,563,546,555,543,441
1091,559,542,553,533,441
1092,560,546,553,533,440
1093,561,551,553,535,440
1094,553,530,553,545,451
1095,577,551,542,515,434
1096,576,539,555,544,438
1097,563,544,566,519,437
1098,556,546,553,525,440
1099,561,543,552,527,438
1100,562,542,549,529,447
1101,561,552,548,524,448
1102,559,553,555,513,433
1103,562,531,543,541,446
1104,560,544,554,538,440
1105,559,545,555,530,436
1106,563,545,553,533,441
1107,551,539,553,537,448
1108,560,565,553,512,436
1109,575,559,551,524,438
1110,548,554,559,512,435
1111,560,546,550,520,445
1112,558,543,553,528,442
1113,560,544,552,529,439
1114,568,532,546,534,450
1115,557,518,553,541,450
1116,567,541,553,526,446
1117,543,536,566,520,438
1118,565,552,556,528,443
1119,558,548,555,527,440
1120,560,545,554,530,440
1121,564,541,548,536,444
1122,558,547,557,534,438
1123,560,543,553,517,439
1124,566,549,555,534,444
1125,559,540,547,527,445
1126,560,543,554,526,439
1127,559,543,553,528,439
1128,557,548,554,531,442
1129,569,532,555,552,459
1130,558,550,560,518,445
1131,567,549,552,524,435
1132,565,545,554,526,441
1133,562,543,553,535,439
1134,564,543,554,534,436
1135,567,554,562,509,427
1136,550,540,571,524,439
1137,576,530,558,526,446
1138,569,553,560,496,448
1139,558,541,551,525,441
1140,560,541,552,530,440
1141,561,546,556,528,441
1142,555,541,549,541,439
1143,556,561,553,497,436
1144,571,540,557,521,435
1145,553,553,558,536,429
1146,559,542,554,535,440
1147,561,545,552,529,443
1148,563,547,558,540,442
1149,560,553,551,521,424
1150,556,537,555,513,443
1151,562,546,561,527,433
1152,561,540,541,541,442
1153,558,546,553,529,441
1154,560,542,553,527,439
1155,563,545,551,532,441
1156,558,551,557,517,435
1157,555,548,555,545,434
1158,560,548,554,531,441
1159,563,536,550,523,437
1160,559,543,553,533,442
1161,560,546,554,537,440
1162,555,544,558,532,445
1163,548,558,559,530,429
1164,549,544,558,533,436
1165,549,542,563,535,447
1166,564,550,555,531,445
1167,562,542,551,531,441
1168,561,544,554,530,439
1169,551,545,549,537,437
1170,566,536,555,522,449
1171,564,546,550,509,441
1172,553,550,544,518,433
1173,558,543,556,538,436
1174,559,545,552,535,444
1175,563,546,555,532,443
1176,565,538,557,541,438
1177,566,550,555,545,448
1178,557,553,558,517,442
1179,541,547,552,505,445
1180,564,541,547,540,444
1181,560,542,555,534,438
1182,560,544,553,527,440
1183,550,536,555,522,446
1184,563,531,547,531,436
1185,568,551,554,508,437
1186,559,546,562,537,444
1187,563,550,556,533,440
1188,559,546,554,533,442
1189,561,547,554,532,442
1190,566,548,551,528,439
1191,579,529,541,540,444
1192,546,545,564,538,438
1193,563,538,558,516,441
1194,560,540,553,522,443
1195,562,541,552,527,441
1196,559,544,552,525,439
1197,562,535,555,533,435
1198,570,550,551,526,433
1199,571,545,545,522,434
1200,550,539,559,535,448
1201,557,541,553,534,438
1202,559,548,554,533,441
1203,562,545,554,531,442
1204,568,540,550,541,453
1205,558,551,559,524,422
1206,573,530,552,532,454
1207,557,551,556,502,435
1208,560,543,553,534,440
1209,561,545,555,523,445
1210,560,543,552,529,439
1211,560,551,547,518,426
1212,560,530,561,559,442
1213,556,559,544,517,422
1214,553,550,550,523,438
1215,563,551,553,529,439
1216,561,545,552,533,442
1217,560,545,554,531,446
1218,553,549,556,520,440
1219,565,551,547,522,447
1220,569,544,556,527,450
1221,550,553,561,542,441
1222,562,542,555,530,439
1223,561,543,550,518,441
1224,556,542,553,526,437
1225,567,545,552,534,438
1226,563,544,561,531,439
1227,574,548,541,527,422
1228,568,549,558,546,444
1229,562,547,553,521,443
1230,560,543,554,527,442
1231,560,545,554,533,445
1232,561,528,557,539,448
1233,556,520,553,562,459
1234,572,532,550,542,451
1235,573,560,543,533,439
1236,560,545,554,527,442
1237,560,544,553,527,439
1238,559,548,553,527,442
1239,567,535,553,539,452
1240,566,558,557,506,434
1241,553,548,558,522,436
1242,568,548,555,517,443
1243,565,545,553,527,439
1244,563,543,554,530,439
1245,565,547,551,531,442
1246,564,544,555,527,442
1247,565,533,549,542,449
1248,559,537,559,548,446
1249,561,544,562,520,442
1250,559,541,555,538,441
1251,560,540,552,520,439
1252,564,540,554,519,438
1253,560,554,548,509,434
1254,554,546,563,536,434
1255,554,541,556,530,437
1256,562,543,545,522,445
1257,561,545,554,533,441
1258,561,549,554,535,442
1259,556,545,556,534,444
1260,560,556,563,513,429
1261,554,553,549,497,437
1262,556,541,557,513,436
1263,563,539,555,531,437
1264,557,541,552,525,440
1265,555,539,553,527,436
1266,554,535,557,530,434
1267,555,539,547,517,438
1268,553,550,563,512,436
1269,554,554,554,515,432
1270,561,542,556,538,447
1271,554,541,554,530,443
1272,555,541,557,531,439
1273,550,541,556,528,438
1274,557,541,554,538,460
1275,545,545,552,545,435
1276,549,540,542,535,433
1277,560,535,561,522,435
1278,554,539,554,533,439
1279,553,538,552,526,439
1280,560,537,554,525,445
1281,559,539,552,539,434
1282,546,539,560,534,444
1283,551,539,542,543,440
1284,547,527,550,536,438
1285,556,540,554,525,442
1286,556,542,552,531,441
1287,541,540,548,536,450
1288,565,546,543,540,445
1289,545,531,561,554,445
1290,555,524,560,558,442
1291,552,537,553,531,441
1292,553,536,554,533,441
1293,554,540,551,530,437
1294,553,545,548,533,433
1295,555,535,547,535,438
1296,551,532,556,547,428
1297,556,543,554,522,436
1298,551,541,555,556,440
1299,558,541,554,531,442
1300,555,540,554,531,441
1301,561,543,555,526,449
1302,559,544,550,540,434
1303,557,536,555,553,446
1304,560,548,553,517,428
1305,558,542,553,536,444
1306,555,541,552,528,437
1307,554,539,552,528,439
1308,558,546,551,536,438
1309,546,526,551,536,434
1310,552,547,559,520,436
1311,545,541,568,529,439
1312,556,538,552,525,439
1313,554,540,553,531,444
1314,557,540,554,529,441
1315,549,536,558,537,443
1316,553,535,563,511,437
1317,554,535,561,526,446
1318,558,560,550,517,441
1319,560,547,558,530,439
1320,556,538,554,533,439
1321,554,537,552,527,439
1322,561,537,554,523,444
1323,549,535,545,527,439
1324,545,544,555,547,443
1325,553,550,552,536,443
1326,551,540,555,537,438
1327,555,544,552,528,443
1328,555,541,554,531,442
1329,550,538,552,547,435
1330,577,544,549,522,440
1331,555,555,548,513,444
1332,552,553,553,553,437
1333,553,540,552,530,437
1334,549,539,554,533,440
1335,556,540,551,529,438
1336,556,530,555,533,437
1337,544,553,565,532,440
1338,558,536,542,538,449
1339,556,551,548,529,424
1340,553,538,552,531,439
1341,557,539,552,531,440
1342,551,544,553,532,439
1343,552,540,559,552,443
1344,560,534,551,544,445
1345,562,537,552,528,443
1346,562,550,550,538,430
1347,558,539,553,526,439
1348,552,539,554,528,438
1349,550,542,552,539,439
1350,556,551,544,521,431
1351,555,548,558,501,439
1352,553,543,548,541,436
1353,559,529,555,522,434
1354,557,539,554,528,441
1355,558,544,556,532,443
1356,557,540,551,538,442
1357,543,543,559,528,442
1358,548,535,555,568,439
1359,555,551,549,517,453
1360,561,543,559,546,433
1361,555,539,552,532,440
1362,554,541,553,528,440
1363,548,539,549,525,445
1364,552,539,561,528,437
1365,561,549,549,518,432
1366,553,537,561,554,454
1367,555,535,555,522,439
1368,556,543,554,529,444
1369,559,542,554,531,444
1370,557,545,548,526,443
1371,553,546,554,522,435
1372,546,537,558,530,446
1373,547,544,541,527,442
1374,555,538,549,522,444
1375,556,542,554,531,438
1376,554,542,552,527,440
1377,562,537,546,522,434
1378,545,540,554,512,429
1379,569,528,549,522,431
1380,559,545,550,530,448
1381,555,540,556,532,437
1382,558,540,552,531,446
1383,557,543,553,537,445
1384,561,546,545,528,440
1385,553,537,554,536,442
1386,549,540,558,537,445
1387,552,537,546,543,449
1388,554,539,555,533,443
1389,556,542,555,524,442
1390,555,544,553,526,439
1391,558,537,562,528,445
1392,540,554,562,514,442
1393,554,548,564,523,435
1394,558,545,546,524,440
1395,558,546,556,527,442
1396,559,540,556,529,443
1397,556,534,555,532,445
1398,565,542,559,521,438
1399,561,551,556,539,446
1400,558,537,558,540,443
1401,557,547,556,533,435
1402,555,542,553,530,437
1403,558,540,556,530,440
1404,561,545,550,534,433
1405,555,548,548,521,431
1406,552,532,560,547,436
1407,547,537,557,534,438
1408,546,538,549,513,445
1409,561,543,555,532,441
1410,557,541,553,535,443
1411,553,538,548,533,451
1412,571,553,550,522,438
1413,551,542,561,551,440
1414,568,557,546,532,446
1415,553,549,556,534,433
1416,556,540,554,526,440
1417,555,541,552,530,443
1418,555,540,553,527,436
1419,570,545,542,513,450
1420,567,547,547,516,443
1421,563,528,559,527,444
1422,557,534,557,526,440
1423,561,544,553,528,440
1424,560,541,554,533,442
1425,568,547,557,533,436
1426,546,541,557,528,440
1427,567,536,557,538,459
1428,560,540,560,533,435
1429,557,537,552,539,439
1430,555,540,553,527,440
1431,557,540,552,530,442
1432,554,536,552,535,448
1433,562,541,555,516,448
1434,550,540,552,531,433
1435,558,535,550,537,448
1436,554,536,554,532,438
1437,558,543,555,527,442
1438,558,545,553,531,447
1439,552,536,552,545,449
1440,554,532,550,539,452
1441,551,555,567,523,436
1442,564,554,555,552,448
1443,558,541,553,530,438
1444,558,539,554,529,439
1445,562,543,555,526,438
1446,551,534,563,530,451
1447,557,548,557,531,438
1448,553,552,554,520,435
1449,554,541,561,517,439
1450,560,541,552,529,440
1451,559,544,553,535,442
1452,557,546,553,532,439
1453,561,555,560,534,446
1454,559,544,553,540,453
1455,551,561,557,523,440
1456,565,545,556,526,435
1457,556,538,553,528,442
1458,556,541,555,531,439
1459,555,541,563,527,437
1460,566,537,552,530,454
1461,556,548,551,533,432
1462,580,538,546,508,443
1463,555,528,550,547,439
1464,560,542,553,530,441
1465,561,544,555,535,441
1466,563,546,560,534,452
1467,562,528,555,540,438
1468,562,539,548,545,440
1469,557,546,550,521,435
1470,554,533,558,532,439
1471,556,540,554,527,442
1472,558,541,550,524,440
1473,560,544,551,535,434
1474,553,549,556,502,434
1475,551,544,565,526,439
1476,566,546,560,528,435
1477,555,538,551,538,444
1478,560,543,553,534,441
1479,560,542,555,534,443
1480,554,548,557,545,437
1481,565,561,549,519,427
1482,552,552,564,525,434
1483,550,545,557,540,446
1484,558,544,555,533,442
1485,555,540,553,526,442
1486,560,542,552,528,444
1487,567,543,548,515,444
1488,557,549,559,525,431
1489,569,557,554,511,430
1490,559,533,559,536,437
1491,560,540,551,527,441
1492,560,541,552,533,442
1493,558,545,554,531,447
1494,546,545,557,545,437
1495,552,543,550,527,444
1496,574,545,559,521,445
1497,563,539,549,533,445
1498,559,541,552,527,442
1499,559,539,550,521,440
1500,554,535,549,520,439
1501,554,537,552,494,423
1502,565,537,556,522,433
1503,571,531,548,543,450
1504,553,539,553,526,441
1505,556,542,554,529,443
1506,558,543,554,529,442
1507,568,542,557,540,449
1508,554,537,555,531,442
1509,560,548,548,530,432
1510,560,530,551,531,445
1511,557,546,552,526,446
1512,558,539,552,527,439
1513,557,538,552,527,442
1514,551,542,553,546,437
1515,552,540,566,518,443
1516,549,523,558,529,461
1517,547,545,555,525,433
1518,558,542,559,534,443
1519,558,542,554,530,443
1520,559,542,553,532,443
1521,565,535,552,539,452
1522,567,537,542,551,438
1523,548,554,559,514,437
1524,564,541,543,517,440
1525,558,543,553,524,446
1526,555,542,552,526,440
1527,558,540,553,530,441
1528,564,532,552,526,443
1529,552,542,547,504,438
1530,553,540,559,521,444
1531,546,532,549,537,443
1532,557,542,552,524,444
1533,559,538,555,530,441
1534,560,541,555,535,436
1535,561,545,553,524,429
1536,558,547,561,526,442
1537,564,539,552,518,453
1538,557,548,553,527,447
1539,555,540,553,533,443
1540,560,542,555,530,443
1541,560,542,551,528,444
1542,549,546,558,503,436
1543,553,541,549,534,441
1544,553,556,551,529,435
1545,555,547,559,514,440
1546,556,544,554,528,443
1547,561,545,553,528,445
1548,567,541,554,516,440
1549,560,541,559,544,437
1550,555,544,554,541,449
1551,563,535,562,525,431
1552,560,551,553,537,442
1553,555,540,554,527,444
1554,555,540,551,524,442
1555,551,551,552,523,451
1556,551,548,560,507,429
1557,547,537,560,529,445
1558,552,540,549,539,443
1559,555,545,549,513,445
1560,559,543,553,533,443
1561,557,542,553,534,445
1562,554,539,551,529,439
1563,566,544,548,530,424
1564,556,548,548,531,451
1565,549,551,551,514,421
1566,561,543,555,526,443
1567,554,540,555,533,442
1568,554,541,552,531,443
1569,554,538,554,518,454
1570,558,537,544,551,446
1571,565,541,550,532,436
1572,548,539,558,513,441
1573,553,543,562,534,441
1574,559,543,552,528,443
1575,556,541,554,533,445
1576,557,550,551,517,454
1577,565,531,549,549,457
1578,546,540,553,531,444
1579,552,554,554,531,438
1580,553,544,551,544,442
1581,560,538,553,524,444
1582,556,538,551,525,442
1583,558,544,544,524,449
1584,559,523,549,545,446
1585,572,552,547,528,429
1586,565,527,545,537,453
1587,557,540,556,535,446
1588,558,543,553,529,444
1589,558,541,553,534,443
1590,557,539,554,536,453
1591,567,528,543,549,439
1592,557,539,554,521,453
1593,544,546,562,543,449
1594,556,543,555,538,438
1595,559,540,553,529,444
1596,556,539,554,529,441
1597,565,545,552,524,439
1598,569,539,546,526,428
1599,565,532,547,527,445
1600,561,544,555,517,431
1601,559,543,554,524,443
1602,558,541,556,530,446
1603,558,544,553,532,444
1604,544,550,557,537,448
1605,552,534,556,537,453
1606,546,538,551,530,452
1607,563,555,553,500,432
1608,559,545,556,550,444
1609,556,539,550,536,442
1610,556,539,552,525,442
1611,558,539,551,536,447
1612,570,539,544,525,437
1613,568,542,553,542,449
1614,572,545,546,512,441
1615,559,542,549,521,441
1616,558,543,555,534,441
1617,558,542,555,530,444
1618,559,541,542,527,447
1619,549,529,559,540,442
1620,551,536,562,523,440
1621,555,533,560,524,442
1622,555,540,553,532,443
1623,554,542,551,529,442
1624,556,539,552,530,442
1625,560,534,551,509,453
1626,566,527,547,541,449
1627,558,544,542,549,453
1628,553,555,550,519,435
1629,562,548,551,523,443
1630,559,541,553,535,445
1631,558,544,555,534,443
1632,543,542,562,537,446
1633,564,522,542,551,445
1634,540,533,558,529,442
1635,567,531,546,543,443
1636,557,545,554,527,437
1637,556,541,552,522,442
1638,556,539,552,527,439
1639,560,540,555,539,438
1640,547,541,556,525,446
1641,550,538,553,533,449
1642,555,546,557,516,447
1643,556,540,558,539,442
1644,557,544,553,532,444
1645,556,543,554,535,445
1646,555,555,560,523,433
1647,545,555,563,545,431
1648,547,541,551,538,451
1649,561,542,542,545,437
1650,558,541,554,531,440
1651,559,541,554,527,443
1652,555,541,552,528,441
1653,555,547,554,537,439
1654,554,552,556,513,434
1655,560,520,544,547,450
1656,568,545,549,519,436
1657,559,540,552,531,445
1658,560,543,554,529,444
1659,556,544,553,533,442
1660,552,535,555,534,446
1661,561,549,560,519,443
1662,555,549,549,521,435
1663,554,530,552,547,447
1664,557,539,551,524,441
1665,553,540,554,527,442
1666,562,551,553,529,436
1667,548,544,556,538,445
1668,557,542,553,523,426
1669,559,545,555,513,448
1670,561,550,553,531,442
1671,557,539,551,541,443
1672,560,542,556,533,441
1673,559,534,552,533,443
1674,551,540,562,534,440
1675,553,527,549,570,461
1676,559,554,552,507,435
1677,565,536,550,535,447
1678,556,542,552,531,439
1679,554,538,556,535,438
1680,561,538,549,530,441
1681,561,553,543,510,430
1682,561,537,545,538,441
1683,549,557,545,534,434
1684,555,534,559,523,446
1685,557,541,553,540,442
1686,559,546,554,540,444
1687,556,548,554,527,438
1688,569,542,555,539,434
1689,558,531,542,544,445
1690,569,533,552,538,446
1691,560,546,551,516,445
1692,555,541,553,530,438
1693,554,538,550,532,439
1694,560,544,547,525,444
1695,563,546,553,535,423
1696,566,538,552,522,446
1697,556,537,554,538,431
1698,558,537,549,541,442
1699,554,540,555,539,440
1700,557,542,551,531,440
1701,557,542,554,549,440
1702,570,544,556,531,442
1703,550,546,559,535,446
1704,551,555,551,530,439
1705,559,537,545,519,448
1706,555,544,552,530,439
1707,556,538,553,528,439
1708,546,551,550,528,432
1709,539,540,568,558,456
1710,566,540,550,527,457
1711,546,530,559,550,435
1712,560,539,553,518,442
1713,559,543,552,531,439
1714,557,545,555,532,441
1715,548,538,560,535,453
1716,549,559,552,497,424
1717,559,543,562,527,442
1718,557,537,559,517,433
1719,556,541,555,522,441
1720,555,543,553,527,440
1721,556,541,553,529,432
1722,567,549,554,532,426
1723,564,553,549,520,429
1724,550,531,550,514,448
1725,551,541,544,543,444
1726,560,541,554,533,442
1727,558,542,555,531,439
1728,559,546,553,533,438
1729,542,550,561,542,449
1730,572,547,542,513,439
1731,556,543,542,548,441
1732,555,542,549,543,450
1733,553,541,553,526,440
1734,555,539,552,521,439
1735,554,539,550,529,443
1736,558,540,559,522,434
1737,551,558,569,503,429
1738,567,536,549,536,444
1739,558,543,545,510,442
1740,561,540,553,539,440
1741,555,541,549,534,440
1742,557,540,552,539,436
1743,554,543,562,538,439
1744,561,557,548,512,441
1745,564,543,556,524,442
1746,552,540,538,541,437
1747,556,540,552,533,438
1748,557,540,553,532,439
1749,565,541,557,531,447
1750,565,530,553,535,449
1751,570,546,551,522,435
1752,560,530,553,549,457
1753,557,542,551,543,439
1754,557,545,553,532,440
1755,556,542,553,537,441
1756,549,559,560,528,433
1757,549,559,542,510,430
1758,561,540,547,522,425
1759,570,542,547,525,436
1760,557,539,551,530,440
1761,553,540,549,536,441
1762,556,540,551,529,439
1763,555,529,547,553,456
1764,549,521,552,559,454
1765,561,540,547,537,450
1766,553,536,558,546,443
1767,557,541,555,531,439
1768,557,541,554,532,442
1769,553,545,557,534,438
1770,573,546,551,519,440
1771,550,556,543,506,434
1772,554,543,554,527,431
1773,552,529,552,498,437
1774,553,540,551,524,443
1775,556,540,551,531,440
1776,554,532,552,535,440
1777,555,547,555,528,450
1778,559,542,557,499,448
1779,550,533,554,549,447
1780,558,531,551,527,437
1781,558,544,555,534,440
1782,557,543,554,530,441
1783,562,550,551,545,432
1784,557,537,547,528,432
1785,561,548,544,514,439
1786,559,558,556,507,423
1787,552,536,548,529,441
1788,557,541,550,530,444
1789,556,541,552,529,444
1790,575,536,542,519,434
1791,557,528,544,545,459
1792,563,543,559,517,439
1793,555,538,561,549,435
1794,558,542,555,531,439
1795,559,540,555,530,441
1796,559,552,555,534,437
1797,551,547,557,545,442
1798,560,550,556,512,442
1799,549,545,566,513,423
1800,559,539,556,536,442
1801,559,543,551,526,438
1802,559,541,553,532,440
1803,550,536,552,532,444
1804,565,532,554,532,449
1805,550,539,551,529,450
1806,569,559,551,504,431
1807,551,538,558,531,439
1808,557,539,555,536,442
1809,558,544,554,534,441
1810,539,543,557,532,451
1811,559,556,566,534,434
1812,563,553,553,513,446
1813,548,538,560,546,432
1814,560,548,554,524,439
1815,559,541,551,533,437
1816,553,540,551,530,454
1817,556,553,553,528,433
1818,566,559,557,506,425
1819,556,551,544,524,426
1820,550,526,548,556,434
1821,556,542,553,537,440
1822,556,544,552,537,442
1823,564,542,551,535,435
1824,556,552,548,521,428
1825,562,537,535,545,444
1826,561,541,547,558,461
1827,572,554,547,549,448
1828,556,544,550,536,440
1829,553,544,551,530,438
1830,561,546,554,539,432
1831,583,557,549,519,438
1832,555,545,549,521,434
1833,554,550,552,537,442
1834,553,539,544,534,443
1835,555,547,553,531,441
1836,557,544,552,535,441
1837,559,549,542,532,430
1838,578,541,542,540,451
1839,541,534,550,543,449
1840,550,538,556,532,435
1841,553,541,551,531,441
1842,556,543,553,529,441
1843,555,540,554,527,437
1844,557,540,552,513,431
1845,566,552,543,496,431
1846,541,564,560,519,436
1847,566,554,562,520,449
1848,560,542,552,529,443
1849,559,546,554,534,444
1850,559,547,548,525,451
1851,564,549,552,524,448
1852,556,544,550,508,443
1853,557,546,558,531,456
1854,555,542,547,531,442
1855,557,541,551,529,439
1856,556,542,552,531,439
1857,552,557,558,524,436
1858,566,544,545,561,438
1859,545,554,564,521,421
1860,550,548,545,506,434
1861,559,545,551,529,447
1862,561,546,552,527,443
1863,552,542,552,533,440
1864,558,539,557,533,448
1865,555,553,559,532,436
1866,556,554,547,509,446
1867,556,550,548,530,441
1868,559,545,551,529,442
1869,555,542,551,532,440
1870,552,548,554,523,445
1871,549,534,556,540,450
1872,563,554,551,532,428
1873,563,524,560,532,450
1874,560,541,555,532,443
1875,558,547,552,530,442
1876,558,544,551,530,442
1877,551,549,558,527,445
1878,557,547,556,517,441
1879,572,533,549,548,447
1880,558,555,557,505,424
1881,558,544,551,522,443
1882,560,545,551,532,441
1883,560,541,551,527,441
1884,551,535,557,540,444
1885,547,525,565,543,449
1886,546,533,554,542,448
1887,552,538,555,540,431
1888,559,543,552,537,444
1889,559,540,551,530,442
1890,559,548,553,538,448
1891,569,549,546,529,453
1892,568,543,545,542,444
1893,561,545,555,542,448
1894,564,546,556,537,446
1895,559,540,550,536,441
1896,558,541,551,529,442
1897,564,554,550,522,434
1898,553,540,549,493,434
1899,557,535,549,508,429
1900,567,539,541,524,448
1901,560,548,558,541,442
1902,559,546,549,539,445
1903,550,544,551,536,450
1904,555,536,555,538,448
1905,551,539,560,542,451
1906,546,550,560,530,444
1907,565,560,551,540,444
1908,556,542,549,533,445
1909,555,541,550,530,440
1910,559,529,543,541,444
1911,550,540,546,538,433
1912,546,532,557,536,447
1913,551,546,551,533,449
1914,555,548,553,538,440
1915,562,546,550,533,443
1916,556,544,555,535,443
1917,543,542,555,543,451
1918,553,538,558,550,446
1919,546,528,552,553,460
1920,564,525,547,539,456
1921,560,545,552,523,442
1922,557,539,552,531,440
1923,560,545,551,535,436
1924,557,537,548,543,450
1925,565,540,553,524,446
1926,563,550,542,525,426
1927,561,539,544,511,448
1928,562,545,553,539,440
1929,561,544,554,534,442
1930,564,533,550,535,447
1931,579,543,537,527,438
1932,564,563,557,512,436
1933,551,538,551,538,443
1934,563,547,553,524,438
1935,559,544,552,531,442
1936,559,543,550,531,443
1937,558,542,554,527,432
1938,567,549,547,533,425
1939,559,547,551,526,448
1940,562,540,553,528,448
1941,567,543,553,535,441
1942,564,545,554,538,440
1943,556,550,549,533,451
1944,554,536,558,528,449
1945,563,535,565,533,447
1946,571,535,554,537,437
1947,558,549,552,545,438
1948,559,545,550,538,440
1949,560,542,551,531,441
1950,559,539,551,539,441
1951,555,534,556,523,457
1952,576,526,546,539,457
1953,573,537,553,524,448
1954,564,542,552,537,444
1955,564,544,552,536,442
1956,557,548,552,537,445
1957,557,539,558,546,455
1958,579,539,539,552,446
1959,546,559,564,527,425
1960,563,532,554,538,438
1961,560,545,550,534,442
1962,562,543,551,535,443
1963,559,546,555,540,452
1964,552,553,558,514,428
1965,555,545,565,519,448
1966,566,555,549,531,439
1967,562,548,551,541,443
1968,566,547,554,535,440
1969,561,546,553,538,444
1970,567,542,549,528,444
1971,553,533,571,560,445
1972,573,547,534,534,429
1973,568,541,544,542,444
1974,562,538,552,538,443
1975,561,544,550,532,445
1976,565,552,552,531,438
1977,567,542,552,523,434
1978,569,539,545,562,450
1979,559,544,561,543,437
1980,562,556,552,533,447
1981,564,543,550,534,444
1982,564,545,554,540,446
1983,568,549,548,544,448
1984,564,553,558,516,430
1985,570,549,550,536,432
1986,563,544,555,533,450
1987,562,539,551,538,444
1988,561,544,552,538,440
1989,560,542,551,530,443
1990,546,552,557,525,438
1991,566,548,540,514,429
1992,554,537,559,527,444
1993,565,543,547,529,442
1994,562,542,552,538,443
1995,564,542,552,535,444
1996,557,545,559,534,443
1997,568,543,549,533,444
1998,565,542,554,540,447
1999,571,537,547,518,440
2000,559,545,554,540,452
2001,562,545,552,535,442
2002,562,543,551,529,440
2003,564,540,554,527,446
2004,556,554,552,510,429
2005,565,552,543,541,441
2006,566,536,544,566,462
2007,562,548,553,543,442
2008,558,547,552,538,441
2009,561,546,551,538,440
2010,557,549,554,562,455
2011,551,537,567,520,445
2012,567,537,544,563,464
2013,552,546,549,562,429
2014,564,544,548,538,442
2015,563,543,551,532,440
2016,565,543,547,534,444
2017,551,536,556,545,457
2018,559,562,560,517,447
2019,563,550,537,540,444
2020,563,548,551,529,442
2021,561,544,550,540,448
2022,562,546,553,539,442
2023,564,543,554,539,438
2024,571,529,540,565,446
2025,569,533,551,532,452
2026,563,549,536,527,436
2027,561,545,552,529,441
2028,559,543,548,533,445
2029,556,544,550,533,441
2030,572,546,542,502,435
2031,559,533,546,530,448
2032,569,526,531,528,449
2033,554,544,543,526,457
2034,562,543,549,526,443
2035,563,543,547,525,443
2036,553,543,547,527,448
2037,583,548,537,524,446
2038,565,531,542,552,441
2039,563,541,550,542,447
2040,560,529,545,545,446
2041,560,539,548,529,442
2042,560,540,548,530,442
2043,575,541,543,526,436
2044,553,533,561,539,463
2045,574,535,546,525,454
2046,574,537,545,536,434
2047,558,542,547,532,441
2048,561,542,551,533,441
2049,567,543,551,526,443
2050,567,538,552,550,449
2051,558,519,547,565,451
2052,545,551,558,544,457
2053,562,552,556,521,458
2054,561,545,547,526,441
2055,561,542,547,529,443
2056,558,540,551,529,441
2057,554,517,552,551,463
2058,560,546,542,521,440
2059,560,545,541,536,463
2060,562,546,546,525,449
2061,561,546,550,525,442
2062,559,544,549,532,448
2063,548,541,553,528,448
2064,553,541,554,543,439
2065,572,547,535,547,441
2066,551,538,542,562,440
2067,558,545,549,529,441
2068,560,542,544,526,442
2069,559,547,547,518,451
2070,575,556,540,518,426
2071,551,541,542,529,438
2072,547,543,549,513,436
2073,568,545,543,510,450
2074,565,544,548,531,443
2075,563,544,545,532,445
2076,548,537,553,524,442
2077,551,538,560,533,449
2078,559,549,542,521,446
2079,567,541,558,527,436
2080,560,544,547,525,440
2081,565,544,547,534,439
2082,563,539,545,526,436
2083,562,546,544,521,448
2084,553,530,551,550,451
2085,553,532,562,548,452
2086,559,531,533,522,435
2087,564,545,547,531,442
2088,559,545,548,526,444
2089,556,551,547,533,453
2090,564,561,549,513,426
2091,573,540,545,527,449
2092,565,543,558,517,436
2093,563,536,540,526,444
2094,564,541,548,516,440
2095,560,543,548,526,442
2096,552,543,552,526,442
2097,576,540,544,529,437
2098,553,548,551,527,439
2099,559,535,554,526,451
2100,565,543,546,523,442
2101,559,546,546,537,446
2102,555,545,555,531,438
2103,567,546,547,520,450
2104,574,552,539,496,442
2105,568,532,553,556,456
2106,556,536,539,510,440
2107,564,546,550,521,441
2108,562,541,547,521,442
2109,566,534,545,512,444
2110,544,533,557,558,446
2111,568,557,542,501,435
2112,569,538,543,518,435
2113,559,543,547,533,445
2114,561,542,548,522,446
2115,561,545,548,529,447
2116,576,538,541,536,444
2117,565,543,545,556,447
2118,566,543,544,540,455
2119,565,539,547,517,453
2120,562,544,550,529,445
2121,561,545,547,522,440
2122,563,538,542,529,444
2123,564,538,552,524,428
2124,570,547,537,533,438
2125,556,563,544,506,439
2126,577,535,545,524,445
2127,566,544,547,522,445
2128,562,543,548,524,445
2129,564,554,554,526,448
2130,538,539,562,521,442
2131,577,538,537,532,450
2132,578,549,543,524,441
2133,556,541,545,531,441
2134,563,542,547,515,445
2135,567,543,546,523,449
2136,574,549,543,501,433
2137,581,538,546,495,445
2138,563,562,550,503,437
2139,564,542,545,538,449
2140,564,546,548,520,446
2141,562,545,547,529,445
2142,569,539,550,533,450
2143,573,557,541,502,433
2144,564,553,547,512,441
2145,570,557,551,494,431
2146,554,548,550,545,445
2147,561,544,547,528,442
2148,562,543,547,525,442
2149,545,546,553,509,441
2150,552,538,549,536,441
2151,559,532,558,519,441
2152,557,549,548,532,446
2153,563,543,547,521,444
2154,561,545,547,523,444
2155,561,545,548,532,448
2156,566,549,545,557,447
2157,553,540,548,522,448
2158,563,549,545,529,446
2159,563,546,554,534,439
2160,558,544,547,524,439
2161,560,543,547,521,441
2162,568,537,550,515,433
2163,574,542,540,523,453
2164,559,548,549,527,432
2165,561,551,552,520,433
2166,569,550,553,518,447
2167,560,545,550,525,446
2168,563,545,550,530,443
2169,570,537,547,555,434
2170,567,526,541,580,451
2171,556,548,546,519,439
2172,564,547,543,537,443
2173,561,546,548,535,444
2174,560,543,550,520,441
2175,563,537,552,520,442
2176,557,545,542,522,435
2177,557,523,554,559,445
2178,565,559,549,494,431
2179,555,542,543,526,447
2180,562,545,550,525,444
2181,562,545,548,528,443
2182,557,556,548,533,442
2183,572,550,553,509,444
2184,564,543,554,514,444
2185,564,537,535,516,442
2186,565,550,546,512,445
2187,561,542,546,530,443
2188,560,542,546,528,439
2189,564,542,556,545,443
2190,558,533,547,505,432
2191,553,553,542,539,444
2192,558,541,538,529,444
2193,559,548,549,518,445
2194,564,545,550,526,444
2195,563,543,544,507,436
2196,566,541,550,527,444
2197,569,549,540,517,435
2198,563,538,546,511,445
2199,567,546,548,526,442
2200,563,544,549,524,443
2201,563,542,549,524,442
2202,554,541,547,516,458
2203,561,542,546,531,443
2204,548,537,548,519,455
2205,558,538,536,526,438
2206,559,549,547,523,440
2207,567,543,547,532,442
2208,563,546,548,529,443
2209,569,540,550,533,451
2210,542,543,557,483,436
2211,559,555,541,519,439
2212,562,548,555,488,434
2213,555,543,547,529,441
2214,562,541,549,522,441
2215,560,545,548,521,443
2216,558,555,535,511,441
2217,556,560,558,502,433
2218,569,542,543,527,441
2219,561,556,553,534,444
2220,564,545,550,525,444
2221,563,546,549,530,444
2222,570,542,555,530,442
2223,537,536,561,525,432
2224,567,551,553,505,451
2225,571,544,549,525,447
2226,558,537,544,536,441
2227,562,541,550,520,442
2228,559,543,546,521,440
2229,576,553,539,510,439
2230,566,548,546,493,427
2231,553,544,549,521,450
2232,550,531,542,527,456
2233,563,541,547,525,444
2234,562,545,549,528,442
2235,559,547,550,539,444
2236,559,532,552,541,448
2237,563,543,543,547,451
2238,553,554,568,544,445
2239,554,540,540,511,438
2240,563,541,548,525,443
2241,561,542,548,520,443
2242,553,548,558,534,438
2243,572,555,540,500,434
2244,554,543,549,530,429
2245,561,557,550,511,438
2246,562,541,551,543,443
2247,562,542,551,520,448
2248,561,546,550,532,445
2249,571,539,546,530,447
2250,561,525,538,584,450
2251,569,552,559,525,441
2252,562,545,559,546,429
2253,559,537,542,523,443
2254,561,543,548,522,443
2255,563,539,545,523,441
2256,554,548,552,526,439
2257,555,553,564,518,447
2258,564,536,550,520,439
2259,563,530,550,509,433
2260,560,545,551,530,444
2261,563,547,551,529,447
2262,573,554,548,522,449
2263,549,535,557,542,457
2264,557,561,543,508,436
2265,571,542,546,536,453
2266,557,547,546,548,439
2267,560,544,548,531,440
2268,560,543,548,522,444
2269,559,537,543,530,444
2270,557,524,557,561,454
2271,558,542,535,554,454
2272,571,542,545,540,447
2273,556,544,549,523,443
2274,563,546,547,522,444
2275,559,543,548,529,447
2276,559,540,548,549,448
2277,545,545,562,537,453
2278,555,534,547,546,440
2279,564,549,554,528,441
2280,562,541,548,526,443
2281,561,544,545,520,443
2282,550,542,547,533,452
2283,572,546,538,521,446
2284,560,550,540,516,435
2285,561,532,547,512,438
2286,558,543,546,534,441
2287,562,543,550,533,446
2288,561,544,548,530,445
2289,562,540,538,538,450
2290,547,541,563,543,456
2291,559,540,549,540,449
2292,565,559,548,529,448
2293,560,552,553,529,441
2294,560,541,550,527,440
2295,564,541,548,523,439
2296,554,557,544,506,434
2297,572,534,550,540,449
2298,568,558,544,514,428
2299,552,539,554,523,437
2300,560,543,545,522,444
2301,560,543,548,525,441
2302,559,547,545,518,446
2303,560,564,548,527,428
2304,562,548,552,497,429
2305,559,556,566,509,436
2306,565,539,548,520,447
2307,558,543,549,521,442
2308,558,543,547,520,441
2309,551,549,547,506,449
2310,578,543,534,537,467
2311,560,537,545,507,453
2312,549,539,544,567,458
2313,561,549,545,518,447
2314,557,545,553,520,442
2315,554,546,551,525,443
2316,558,544,550,527,440
2317,561,535,540,545,447
2318,558,541,553,515,450
2319,562,548,547,521,438
2320,559,546,553,516,439
2321,559,544,549,512,439
2322,560,547,550,516,446
2323,567,538,541,505,437
2324,561,557,542,513,434
2325,548,544,565,502,441
2326,560,547,551,530,448
2327,559,545,550,519,448
2328,561,544,550,520,444
2329,566,540,549,528,445
2330,564,521,538,539,447
2331,556,533,554,534,454
2332,556,539,553,539,450
2333,555,543,546,511,447
2334,562,546,547,519,438
2335,557,544,550,519,441
2336,559,542,544,513,439
2337,554,526,552,560,460
2338,552,538,555,515,447
2339,561,534,556,519,456
2340,556,539,545,521,442
2341,558,545,548,536,442
2342,563,546,549,523,437
2343,555,546,547,508,441
2344,568,543,559,547,446
2345,550,533,548,559,463
2346,563,557,549,514,441
2347,562,545,549,518,438
2348,554,543,547,523,441
2349,559,540,545,524,429
2350,543,532,543,534,458
2351,564,544,549,513,446
2352,563,551,542,489,424
2353,562,543,553,554,441
2354,561,544,548,521,445
2355,560,546,550,525,444
2356,559,541,549,524,447
2357,553,563,560,507,428
2358,574,551,545,521,444
2359,564,534,550,531,458
2360,554,545,548,528,441
2361,563,542,548,515,445
2362,559,541,548,519,446
2363,554,541,554,529,438
2364,577,547,536,525,445
2365,559,547,555,517,442
2366,563,541,543,511,453
2367,560,542,553,525,442
2368,561,546,549,530,443
2369,564,549,545,522,444
2370,568,545,542,518,439
2371,564,555,534,518,453
2372,553,543,542,550,444
2373,559,544,559,526,440
2374,557,542,548,523,445
2375,558,543,547,523,441
2376,551,555,547,544,435
2377,573,530,543,523,465
2378,556,532,558,546,438
2379,566,549,539,489,441
2380,560,547,548,517,441
2381,561,545,549,518,444
2382,560,546,550,526,446
2383,554,549,546,528,455
2384,561,541,558,542,444
2385,560,550,545,507,424
2386,569,552,546,513,436
2387,562,546,546,520,442
2388,559,548,549,522,443
2389,560,543,551,527,439
2390,565,553,549,506,436
2391,549,541,536,522,457
2392,569,546,541,502,451
2393,561,536,553,527,434
2394,559,546,550,525,440
2395,562,546,549,528,446
2396,558,551,548,530,450
2397,540,551,558,512,427
2398,568,545,535,523,438
2399,553,546,558,508,456
2400,557,546,554,544,438
2401,562,546,547,518,443
2402,557,544,548,522,441
2403,553,537,547,504,464
2404,583,555,529,514,450
2405,567,533,549,542,450
2406,560,548,548,512,440
2407,554,543,545,535,448
2408,559,548,549,530,442
2409,561,543,548,527,438
2410,559,549,552,523,443
2411,554,559,552,493,443
2412,548,548,562,498,434
2413,559,533,545,531,440
2414,558,543,547,529,444
2415,559,543,549,517,444
2416,554,536,544,531,445
2417,556,551,548,519,452
2418,567,551,535,511,448
2419,552,551,550,526,442
2420,560,539,542,519,447
2421,559,544,547,527,439
2422,559,542,547,526,440
2423,552,547,546,525,446
2424,548,544,552,512,431
2425,560,554,544,502,444
2426,554,549,558,511,439
2427,562,546,549,524,439
2428,556,541,547,518,439
2429,559,541,544,513,438
2430,554,546,555,502,441
2431,559,539,544,544,444
2432,560,540,555,488,429
2433,556,540,555,534,443
2434,557,539,547,527,440
2435,560,540,547,514,445
2436,561,543,549,515,440
2437,547,545,552,518,440
2438,553,566,546,490,426
2439,565,539,564,503,435
2440,560,539,543,514,441
2441,560,546,548,510,442
2442,562,538,543,516,440
2443,555,540,547,511,437
2444,552,549,557,489,428
2445,565,533,546,543,440
2446,591,536,539,512,447
2447,548,536,547,517,438
2448,562,543,548,518,441
2449,561,543,545,521,444
2450,559,542,547,515,444
2451,563,546,551,525,441
2452,563,532,545,521,449
2453,561,552,540,519,435
2454,567,542,558,525,436
2455,561,538,547,511,440
2456,561,541,547,506,442
2457,554,552,549,509,437
2458,564,546,553,507,445
2459,558,537,548,528,434
2460,570,534,545,532,440
2461,564,550,553,514,446
2462,562,542,547,515,439
2463,563,542,549,518,443
2464,554,550,556,507,438
2465,559,538,545,529,449
2466,554,545,547,529,430
2467,541,546,554,515,446
2468,558,538,547,516,440
2469,560,541,547,510,441
2470,561,541,547,512,441
2471,549,544,549,503,430
2472,573,540,542,549,448
2473,562,546,550,496,430
2474,560,543,554,525,440
2475,558,542,549,519,443
2476,560,539,548,517,441
2477,560,539,548,522,442
2478,564,548,549,477,434
2479,563,544,557,533,439
2480,548,539,549,530,445
2481,550,545,543,492,439
2482,561,540,546,516,444
2483,560,541,546,517,441
2484,559,539,548,512,447
2485,563,532,539,531,448
2486,557,537,543,516,435
2487,551,537,557,552,445
2488,553,541,551,517,445
2489,562,546,548,516,445
2490,560,543,546,514,443
2491,556,538,550,525,447
2492,551,530,549,517,447
2493,546,551,555,519,446
2494,568,545,556,506,439
2495,560,548,542,522,443
2496,560,541,546,511,438
2497,559,540,546,514,439
2498,555,542,551,517,441
2499,540,534,543,518,445
2500,570,547,546,524,431
2501,557,550,550,503,428
2502,565,544,546,517,441
2503,561,541,543,523,441
2504,562,543,548,515,444
2505,559,538,548,513,440
2506,563,551,549,507,444
2507,561,544,543,527,438
2508,546,533,541,534,443
2509,561,542,548,513,445
2510,559,539,548,510,441
2511,568,536,545,510,445
2512,553,536,555,505,439
2513,548,546,558,506,450
2514,548,554,539,500,437
2515,559,545,547,520,440
2516,560,539,546,522,443
2517,561,543,550,515,444
2518,564,545,545,501,443
2519,561,552,548,488,437
2520,565,555,541,497,438
2521,558,551,554,502,435
2522,558,535,541,510,443
2523,559,543,546,514,441
2524,558,539,546,512,443
2525,556,549,546,529,443
2526,546,534,547,526,442
2527,556,545,549,506,443
2528,560,534,544,522,443
2529,560,539,539,527,448
2530,560,542,546,513,445
2531,561,542,548,517,445
2532,571,543,536,517,439
2533,557,530,550,546,459
2534,554,539,554,531,455
2535,555,543,547,518,446
2536,563,544,548,496,446
2537,555,543,544,516,441
2538,559,539,545,512,443
2539,560,530,547,510,449
2540,544,547,558,527,446
2541,560,549,551,491,441
2542,569,534,554,532,448
2543,558,541,551,525,444
2544,560,544,547,514,443
2545,561,543,547,519,440
2546,564,537,547,515,440
2547,564,532,538,503,443
2548,556,542,547,520,441
2549,567,531,547,532,449
2550,558,541,550,518,442
2551,558,538,546,517,439
2552,562,543,546,513,441
2553,553,536,544,512,444
2554,551,535,561,520,448
2555,563,549,551,533,445
2556,560,547,549,506,445
2557,560,539,546,522,445
2558,561,541,548,516,444
2559,562,537,550,524,445
2560,563,556,545,517,435
2561,553,546,552,518,440
2562,572,534,550,527,439
2563,557,550,556,516,444
2564,559,540,547,509,443
2565,558,539,546,514,440
2566,557,534,548,504,437
2567,555,541,547,520,454
2568,560,548,548,526,436
2569,560,544,553,512,442
2570,564,545,552,516,436
2571,559,539,546,514,443
2572,561,542,548,512,443
2573,560,538,551,515,452
2574,560,550,552,511,427
2575,556,536,554,511,441
2576,564,548,540,506,436
2577,549,538,537,525,443
2578,559,541,546,509,442
2579,559,540,546,516,442
2580,559,545,545,511,439
2581,555,538,553,527,444
2582,561,530,539,527,450
2583,571,537,541,500,434
2584,563,549,553,509,444
2585,560,544,545,519,445
2586,560,541,548,521,444
2587,558,543,540,515,452
2588,550,557,544,497,427
2589,552,537,556,511,458
2590,570,552,546,505,437
2591,559,542,558,507,439
2592,559,540,546,510,443
2593,558,541,545,511,441
2594,550,543,546,520,441
2595,577,549,540,523,449
2596,566,541,544,516,436
2597,562,529,546,511,443
2598,557,537,544,526,446
2599,561,541,547,520,441
2600,560,541,546,515,445
2601,565,538,549,517,446
2602,550,530,556,534,458
2603,557,536,541,530,453
2604,562,545,551,507,441
2605,558,541,548,546,441
2606,559,540,546,513,441
2607,559,540,545,509,442
2608,563,543,545,498,439
2609,559,549,558,499,416
2610,551,545,553,533,445
2611,563,552,546,506,441
2612,558,539,544,516,449
2613,561,540,548,513,447
2614,561,543,547,517,445
2615,563,539,546,500,442
2616,558,539,544,535,451
2617,564,547,552,523,432
2618,562,530,540,535,442
2619,560,539,543,501,444
2620,559,542,547,514,442
2621,559,539,545,510,444
2622,572,544,543,505,429
2623,549,539,546,545,442
2624,562,530,541,540,454
2625,568,534,541,508,440
2626,560,544,548,525,444
2627,559,542,549,517,443
2628,560,544,546,517,449
2629,559,547,546,488,433
2630,562,537,547,496,444
2631,564,537,535,554,442
2632,558,535,543,517,454
2633,562,539,543,511,444
2634,559,541,545,513,440
2635,562,542,547,514,437
2636,555,544,552,508,441
2637,552,549,553,512,439
2638,572,539,540,517,432
2639,558,548,542,515,444
2640,560,541,544,525,442
2641,561,543,545,520,444
2642,560,543,546,517,442
2643,572,538,543,536,452
2644,552,531,545,543,449
2645,561,537,540,499,447
2646,555,542,543,505,447
2647,562,545,547,509,443
2648,560,541,546,512,444
2649,557,540,546,513,448
2650,555,538,542,519,453
2651,562,540,547,503,438
2652,567,541,535,537,452
2653,561,536,542,510,444
2654,562,542,547,520,446
2655,558,542,549,510,444
2656,549,542,547,515,441
2657,560,548,551,508,439
2658,547,527,554,536,443
2659,552,529,545,544,454
2660,560,536,546,501,449
2661,562,544,547,510,446
2662,559,542,545,512,445
2663,561,539,545,511,444
2664,560,540,542,517,449
2665,549,548,554,504,434
2666,563,556,543,516,435
2667,566,541,547,549,450
2668,558,540,546,517,442
2669,562,543,545,521,443
2670,558,542,547,521,447
2671,557,537,542,529,458
2672,560,561,537,480,438
2673,562,543,553,521,435
2674,547,547,547,526,447
2675,557,535,545,517,444
2676,559,539,545,515,442
2677,558,540,544,511,446
2678,551,529,547,520,447
2679,568,534,530,530,446
2680,560,530,541,485,444
2681,557,537,547,533,448
2682,564,544,546,525,446
2683,558,543,545,518,446
2684,563,543,546,513,449
2685,552,542,546,517,455
2686,572,538,540,525,446
2687,562,539,542,489,448
2688,569,547,538,494,437
2689,561,542,550,518,443
2690,558,539,546,507,447
2691,556,541,544,513,443
2692,552,537,552,515,451
2693,564,528,536,551,454
2694,560,545,551,486,436
2695,564,548,550,522,441
2696,555,541,545,527,443
2697,562,541,543,525,444
2698,560,544,546,520,450
2699,555,550,553,494,435
2700,558,555,552,526,444
2701,561,556,535,494,444
2702,560,543,542,500,444
2703,559,543,545,525,447
2704,558,541,546,511,446
2705,559,539,544,517,441
2706,561,539,542,518,435
2707,544,547,566,535,446
2708,561,545,542,515,432
2709,556,539,543,526,445
2710,566,546,545,514,445
2711,558,541,546,513,447
2712,559,542,546,519,445
2713,555,542,544,527,441
2714,538,537,563,525,431
2715,573,552,538,502,436
2716,570,531,552,521,451
2717,560,541,542,525,448
2718,554,540,547,513,445
2719,558,539,544,512,444
2720,572,535,538,518,441
2721,578,544,534,496,440
2722,560,542,539,505,454
2723,553,533,541,557,454
2724,560,539,541,513,444
2725,562,540,549,514,447
2726,560,540,545,518,446
2727,565,544,543,537,438
2728,577,533,531,512,441
2729,563,548,537,503,437
2730,557,537,555,537,444
2731,560,542,548,516,439
2732,557,543,545,512,443
2733,557,540,545,513,443
2734,560,541,540,511,449
2735,558,532,555,559,458
2736,559,540,539,515,441
2737,566,536,543,504,443
2738,559,542,543,540,444
2739,560,554,546,512,447
2740,560,541,545,518,446
2741,545,548,550,518,444
2742,555,549,557,515,442
2743,558,549,547,502,441
2744,553,533,557,548,453
2745,555,537,543,524,442
2746,559,539,545,520,442
2747,559,538,543,514,441
2748,562,547,541,521,440
2749,562,531,539,538,451
2750,557,528,536,513,460
2751,550,535,549,528,452
2752,559,541,544,484,447
2753,563,539,546,517,447
2754,560,543,545,516,445
2755,550,543,544,525,437
2756,567,543,543,526,449
2757,563,548,542,508,441
2758,557,533,549,522,448
2759,553,539,545,518,442
2760,559,542,546,515,446
2761,559,539,545,510,443
2762,554,535,542,527,443
2763,567,541,542,527,440
2764,572,535,543,508,443
2765,556,535,552,518,439
2766,562,543,548,512,444
2767,563,543,545,518,442
2768,562,542,545,517,445
2769,566,540,549,514,448
2770,552,539,559,533,446
2771,551,550,547,509,452
2772,547,549,554,523,448
2773,553,539,547,523,443
2774,557,539,543,513,445
2775,560,541,544,510,442
2776,557,545,550,526,440
2777,563,560,543,467,425
2778,559,534,552,533,448
2779,570,538,540,534,450
2780,561,545,547,518,442
2781,559,539,546,515,446
2782,559,543,546,517,445
2783,554,534,547,519,452
2784,554,555,553,492,439
2785,556,542,545,543,442
2786,567,537,541,516,447
2787,563,544,545,504,444
2788,559,540,543,521,443
2789,561,540,543,508,446
2790,560,530,539,509,448
2791,554,523,546,559,451
2792,555,550,540,518,428
2793,563,537,537,549,457
2794,560,541,549,523,444
2795,559,544,546,515,445
2796,560,542,545,520,438
2797,567,548,534,529,443
2798,555,547,548,498,442
2799,562,528,537,550,450
2800,544,547,547,510,450
2801,562,542,542,507,445
2802,558,540,547,510,444
2803,559,540,543,513,441
2804,565,546,538,496,431
2805,554,548,548,497,441
2806,558,550,552,510,442
2807,544,541,547,494,432
2808,562,546,542,510,443
2809,562,541,545,518,445
2810,561,542,545,517,444
2811,561,543,536,516,445
2812,569,526,530,550,440
2813,568,540,539,527,447
2814,556,537,544,516,448
2815,556,536,542,513,444
2816,563,538,545,517,442
2817,559,541,543,513,445
2818,559,543,545,520,453
2819,560,534,538,526,449
2820,578,548,539,503,444
2821,572,545,549,508,439
2822,560,544,545,516,446
2823,558,543,546,519,446
2824,560,541,546,519,439
2825,559,515,548,525,449
2826,571,554,544,509,440
2827,546,555,552,511,426
2828,565,549,541,509,438
2829,560,544,546,510,442
2830,559,543,543,518,441
2831,560,539,545,516,445
2832,562,536,546,521,445
2833,566,554,539,472,433
2834,562,542,535,513,451
2835,566,535,543,535,455
2836,558,539,547,526,445
2837,560,542,547,515,447
2838,561,541,544,522,447
2839,560,531,553,529,449
2840,558,547,551,492,439
2841,568,521,546,536,459
2842,561,548,546,498,431
2843,560,542,546,510,443
2844,562,537,545,517,444
2845,559,540,544,515,445
2846,551,549,542,497,436
2847,585,551,529,479,438
2848,559,552,549,500,441
2849,558,545,544,502,441
2850,558,540,541,519,444
2851,559,540,547,516,446
2852,561,542,545,522,444
2853,571,540,544,521,435
2854,562,545,550,520,449
2855,568,541,538,514,449
2856,554,544,542,507,441
2857,558,540,550,534,445
2858,558,540,546,510,446
2859,559,540,544,514,443
2860,566,543,537,519,448
2861,558,543,548,501,447
2862,552,540,549,494,451
2863,560,528,550,505,444
2864,561,545,543,504,448
2865,563,545,543,520,445
2866,560,541,543,517,447
2867,560,540,542,531,459
2868,555,562,542,490,424
2869,567,536,537,515,447
2870,560,542,542,485,432
2871,558,536,542,523,444
2872,562,542,543,519,445
2873,561,541,544,518,444
2874,560,544,544,529,431
2875,574,562,541,495,436
2876,561,544,539,518,450
2877,569,540,548,528,450
2878,563,542,544,489,449
2879,560,545,543,517,447
2880,558,542,544,515,446
2881,563,531,547,510,458
2882,544,534,558,533,449
2883,566,525,542,539,461
2884,557,533,553,539,450
2885,553,541,544,518,439
2886,559,539,543,515,445
2887,560,540,544,513,445
2888,556,532,552,524,451
2889,551,544,555,497,440
2890,552,550,548,506,440
2891,552,524,553,537,451
2892,561,543,544,510,450
2893,558,545,546,514,443
2894,561,542,544,520,446
2895,561,545,538,521,446
2896,565,531,533,535,448
2897,548,550,548,523,434
2898,560,538,539,509,449
2899,560,542,534,522,445
2900,556,540,546,516,445
2901,559,542,545,512,444
2902,565,534,549,514,446
2903,542,549,557,498,437
2904,569,544,541,515,439
2905,556,544,554,490,441
2906,565,550,546,536,445
2907,561,538,544,524,446
2908,561,540,546,517,447
2909,569,542,552,530,451
2910,553,552,552,501,440
2911,574,543,545,515,452
2912,551,544,538,526,454
2913,561,537,543,523,445
2914,558,541,544,515,444
2915,559,539,544,513,444
2916,558,534,548,515,451
2917,571,555,536,506,439
2918,556,541,544,493,438
2919,561,545,539,537,453
2920,559,556,551,555,440
2921,559,543,543,528,446
2922,563,542,547,526,445
2923,564,535,539,519,444
2924,564,536,533,536,450
2925,566,545,548,509,450
2926,567,552,539,530,436
2927,566,533,544,512,447
2928,562,542,543,518,443
2929,559,542,544,523,441
2930,568,538,541,514,445
2931,566,544,539,507,454
2932,561,531,542,552,448
2933,550,532,563,521,437
2934,555,551,548,529,439
2935,560,546,545,520,443
2936,562,543,547,516,446
2937,563,541,548,514,450
2938,571,538,540,523,442
2939,573,533,539,518,439
2940,568,556,537,505,452
2941,555,549,539,518,444
2942,558,544,545,503,442
2943,560,542,545,507,442
2944,569,540,543,507,447
2945,568,550,545,493,434
2946,555,545,558,494,447
2947,559,545,543,514,444
2948,564,542,543,509,449
2949,562,547,545,504,443
2950,560,543,545,503,445
2951,560,551,546,506,447
2952,559,548,549,512,439
2953,553,542,556,498,444
2954,556,546,544,499,430
2955,564,539,545,515,448
2956,562,544,545,509,445
2957,557,540,544,504,442
2958,566,539,544,508,447
2959,561,541,540,499,435
2960,565,536,544,502,449
2961,553,534,542,549,450
2962,571,543,544,475,450
2963,559,543,545,508,447
2964,562,546,546,507,446
2965,564,552,549,500,442
2966,567,542,551,498,452
2967,569,536,534,513,444
2968,554,552,554,479,442
2969,569,537,548,509,443
2970,558,545,546,505,442
2971,561,542,545,502,444
2972,562,540,540,501,437
2973,560,538,540,499,437
2974,558,544,559,496,447
2975,567,533,534,531,458
2976,568,534,549,497,448
2977,559,541,547,508,445
2978,561,541,548,505,444
2979,551,545,547,513,444
2980,557,543,545,520,441
2981,552,535,551,527,446
2982,559,524,549,521,458
2983,555,541,541,516,449
2984,563,543,545,508,444
2985,560,540,543,500,442
2986,555,542,544,519,445
2987,543,536,546,507,438
2988,560,543,546,503,449
2989,548,546,548,507,447
2990,556,537,542,509,443
2991,561,546,547,511,448
2992,559,543,545,511,444
2993,560,546,543,519,439
2994,557,548,546,508,435
2995,563,545,546,510,438
2996,565,533,549,495,439
2997,571,548,556,489,445
2998,559,541,545,506,448
2999,559,542,547,503,443
