id,little,ring,middle,index,thumb
0,350,360,397,411,988
1,352,355,390,410,1007
2,351,359,390,406,1004
3,351,361,394,408,1005
4,350,360,394,408,1000
5,347,360,392,408,1004
6,348,363,395,411,988
7,348,362,398,414,978
8,353,361,396,409,1005
9,352,365,398,410,1004
10,352,363,397,410,1001
11,352,366,397,410,1003
12,350,363,393,409,986
13,356,365,398,410,1004
14,345,359,392,410,985
15,349,362,395,413,999
16,351,355,395,411,1004
17,356,350,393,414,1004
18,363,351,398,414,987
19,367,362,388,415,999
20,365,360,389,423,1002
21,363,360,384,420,949
22,375,369,374,425,516
23,373,386,372,428,500
24,368,388,374,432,512
25,375,400,368,459,470
26,363,390,396,465,471
27,343,381,405,474,474
28,348,360,396,479,492
29,360,354,372,447,507
30,367,369,364,444,849
31,367,369,358,441,989
32,369,374,363,441,965
33,371,370,368,429,952
34,376,380,376,408,540
35,369,379,375,406,1013
36,371,373,374,393,540
37,371,371,370,388,537
38,370,372,366,394,561
39,369,370,364,398,550
40,365,371,363,403,553
41,368,372,369,405,544
42,366,371,368,402,546
43,366,372,369,404,546
44,366,371,369,403,548
45,367,370,365,408,544
46,368,372,369,403,533
47,362,372,380,402,542
48,363,371,375,405,552
49,363,372,374,404,547
50,362,371,373,404,548
51,362,369,373,406,546
52,362,371,374,406,542
53,360,370,375,403,542
54,366,366,375,408,551
55,360,372,372,404,550
56,361,370,374,405,547
57,359,371,376,405,546
58,355,369,381,407,543
59,350,369,379,397,540
60,352,371,375,403,558
61,335,368,380,405,541
62,330,367,379,399,540
63,327,367,380,399,542
64,328,365,383,402,541
65,325,364,382,400,534
66,330,365,384,402,543
67,326,361,381,400,520
68,326,365,382,398,531
69,332,364,382,401,538
70,332,365,384,400,538
71,330,364,384,402,543
72,332,363,384,395,549
73,334,365,388,397,543
74,332,365,388,405,542
75,338,366,388,399,543
76,335,366,388,401,546
77,334,366,388,401,548
78,338,361,390,403,548
79,331,365,386,406,561
80,334,367,387,403,547
81,336,364,389,398,555
82,334,367,388,401,549
83,335,367,389,400,546
84,335,367,390,404,544
85,334,369,390,399,553
86,341,373,387,400,550
87,330,367,389,411,553
88,337,360,386,399,539
89,336,367,389,401,549
90,336,367,389,401,551
91,337,367,390,403,559
92,335,368,391,400,545
93,338,367,387,402,553
94,327,366,391,401,540
95,332,364,392,401,552
96,336,366,388,400,548
97,336,366,389,400,549
98,336,363,386,405,546
99,339,362,389,399,539
100,338,371,387,396,555
101,339,364,390,400,551
102,335,366,389,400,550
103,336,365,391,401,555
104,338,367,391,402,552
105,334,366,393,400,564
106,337,370,390,397,556
107,340,360,395,405,553
108,335,364,388,398,549
109,336,366,390,400,554
110,336,366,391,399,550
111,335,364,391,398,555
112,338,366,386,399,565
113,339,364,388,402,561
114,340,370,390,397,548
115,336,365,391,401,553
116,337,365,391,400,552
117,337,365,392,402,550
118,338,367,391,398,557
119,341,361,385,402,553
120,336,363,391,394,557
121,334,366,393,398,558
122,333,358,389,394,549
123,338,365,387,394,552
124,336,366,389,395,547
125,333,366,389,397,567
126,327,366,393,397,541
127,336,367,390,398,564
128,331,364,392,397,551
129,334,365,391,399,559
130,334,365,390,400,556
131,336,367,389,398,560
132,333,363,393,397,538
133,340,365,392,390,554
134,332,363,386,395,553
135,336,368,388,392,553
136,334,366,387,396,553
137,335,367,385,394,555
138,330,362,387,396,544
139,334,370,386,393,553
140,336,365,387,396,549
141,335,371,387,394,560
142,336,367,389,396,552
143,336,366,390,397,555
144,334,368,393,395,549
145,336,364,387,399,567
146,339,362,390,400,560
147,340,363,389,399,565
148,327,356,391,398,549
149,334,362,391,401,553
150,334,363,391,401,554
151,338,360,387,405,565
152,333,366,395,402,553
153,329,362,400,406,546
154,334,360,394,400,559
155,337,363,391,401,556
156,336,364,392,402,555
157,336,365,392,402,552
158,338,363,389,403,552
159,332,366,393,399,544
160,335,361,396,399,547
161,340,363,390,401,561
162,336,364,391,401,554
163,335,364,390,400,555
164,333,363,393,399,560
165,342,362,386,405,550
166,337,364,390,404,564
167,336,362,393,404,567
168,333,363,393,400,561
169,336,365,392,401,557
170,335,364,393,401,556
171,334,363,392,402,550
172,337,367,390,398,560
173,336,360,394,405,560
174,336,364,389,402,554
175,334,363,394,401,556
176,335,363,392,401,554
177,337,362,392,399,559
178,332,362,395,398,555
179,331,362,391,405,552
180,332,362,391,407,557
181,340,365,393,400,558
182,336,364,394,402,557
183,336,364,393,402,558
184,338,365,395,399,560
185,338,366,398,401,540
186,332,361,391,402,563
187,337,360,394,405,550
188,336,363,391,401,556
189,336,363,392,401,557
190,335,364,393,402,559
191,333,363,396,401,560
192,327,365,398,404,541
193,340,368,390,401,565
194,334,362,396,401,557
195,335,364,394,403,558
196,337,365,394,402,558
197,335,367,392,401,560
198,339,366,386,400,559
199,338,366,394,402,558
200,339,366,396,397,558
201,334,364,395,402,561
202,336,364,393,400,555
203,335,364,393,401,555
204,333,365,390,401,555
205,336,362,398,400,564
206,338,362,390,399,565
207,333,366,398,403,562
208,336,365,393,400,557
209,336,364,395,401,558
210,335,364,394,400,560
211,338,366,393,397,550
212,334,365,396,401,555
213,330,365,395,401,552
214,338,363,391,399,555
215,336,362,395,400,558
216,333,361,395,400,553
217,333,363,392,399,564
218,334,363,394,401,539
219,335,360,395,402,561
220,331,363,402,400,557
221,334,362,396,401,559
222,334,363,397,401,563
223,334,361,397,402,562
224,335,366,398,400,565
225,335,362,395,406,569
226,337,364,392,401,567
227,333,359,396,402,567
228,334,363,395,401,563
229,334,363,395,401,559
230,335,366,396,401,561
231,338,364,399,395,561
232,333,364,396,403,542
233,328,363,395,404,547
234,332,362,395,402,563
235,336,363,395,401,566
236,335,363,396,401,561
237,335,367,392,399,558
238,332,365,401,399,558
239,335,365,394,401,558
240,328,365,397,400,566
241,335,362,396,402,563
242,334,364,396,401,562
243,333,362,395,401,561
244,335,364,396,400,562
245,339,364,394,400,554
246,333,362,399,402,549
247,338,366,395,400,560
248,336,365,396,400,560
249,336,364,395,401,559
250,338,362,395,399,564
251,333,362,399,403,566
252,336,365,400,402,558
253,337,367,395,399,564
254,335,365,396,400,563
255,334,364,394,400,566
256,334,362,396,400,561
257,334,366,397,398,564
258,333,368,393,399,566
259,335,363,392,404,568
260,337,363,394,397,565
261,335,363,395,400,563
262,336,364,396,401,566
263,334,366,397,400,563
264,339,361,395,403,564
265,332,361,394,402,560
266,334,365,398,395,564
267,338,366,394,402,562
268,337,365,393,399,564
269,337,365,393,402,565
270,336,367,396,400,565
271,337,365,391,400,567
272,335,363,396,405,558
273,335,366,394,398,571
274,336,364,395,402,565
275,336,366,394,400,567
276,336,363,396,400,572
277,339,365,397,402,556
278,337,369,392,398,579
279,335,362,396,401,548
280,329,364,395,400,567
281,334,366,394,400,566
282,335,365,395,401,563
283,334,366,394,399,559
284,334,366,399,402,573
285,338,361,395,405,561
286,329,362,396,402,552
287,337,366,396,400,567
288,337,365,396,400,564
289,335,364,395,401,566
290,338,366,396,398,570
291,343,368,397,402,568
292,327,369,398,401,565
293,334,366,396,402,571
294,336,364,396,400,563
295,335,365,396,401,564
296,334,366,391,400,571
297,338,365,394,395,557
298,339,365,400,401,570
299,335,366,398,399,558
300,336,366,396,402,566
301,336,364,396,400,563
302,337,366,397,400,567
303,333,365,402,400,561
304,342,367,395,398,574
305,321,366,397,402,574
306,335,366,396,404,570
307,336,366,396,401,564
308,337,365,395,400,564
309,336,365,402,400,552
310,336,362,394,407,566
311,335,369,390,400,579
312,335,364,394,397,562
313,335,365,395,400,563
314,332,366,395,400,566
315,334,365,394,400,564
316,336,367,396,401,577
317,333,365,402,401,554
318,337,360,397,404,559
319,330,364,398,401,571
320,334,366,395,400,566
321,333,364,395,401,564
322,337,366,395,398,564
323,333,364,400,401,568
324,334,367,399,402,568
325,339,368,393,401,571
326,338,366,395,401,568
327,336,366,396,401,564
328,336,366,395,399,565
329,338,369,388,402,571
330,331,369,400,403,558
331,340,362,392,399,567
332,330,362,398,403,566
333,335,367,395,400,567
334,335,366,394,400,563
335,336,367,395,402,567
336,334,364,397,398,568
337,336,364,396,398,561
338,334,364,393,400,561
339,335,365,398,398,564
340,335,366,395,398,566
341,335,367,395,399,567
342,332,367,391,398,560
343,337,367,392,400,571
344,334,368,396,403,549
345,335,368,394,402,554
346,335,368,392,399,564
347,334,367,393,401,562
348,335,367,393,401,555
349,334,369,392,400,555
350,330,366,390,400,559
351,334,368,390,401,563
352,335,370,390,398,558
353,335,368,391,402,566
354,334,368,392,400,565
355,338,370,390,404,569
356,334,365,391,405,576
357,331,365,399,402,575
358,333,367,398,403,562
359,337,371,392,399,561
360,335,368,393,399,561
361,337,368,393,401,566
362,335,367,392,401,547
363,343,366,391,399,568
364,333,365,402,398,562
365,333,369,389,399,567
366,335,369,394,399,561
367,335,369,394,400,566
368,338,370,388,402,575
369,339,371,389,400,557
370,335,375,389,401,559
371,336,370,393,395,552
372,335,367,391,398,561
373,337,368,391,399,563
374,337,368,394,400,566
375,341,367,390,396,561
376,337,360,396,403,557
377,326,368,390,402,540
378,339,367,391,396,552
379,336,368,392,397,563
380,335,367,392,397,563
381,337,369,392,399,560
382,342,366,385,398,548
383,339,373,396,394,552
384,333,367,393,397,558
385,336,369,391,397,559
386,335,368,392,397,558
387,336,368,391,400,560
388,331,373,393,397,564
389,332,367,395,400,568
390,334,380,388,399,562
391,339,364,389,396,556
392,337,368,393,398,567
393,336,369,392,399,565
394,336,369,386,398,570
395,336,369,391,396,544
396,331,370,398,399,563
397,338,368,394,394,570
398,337,369,392,398,565
399,336,368,394,398,558
400,336,368,391,400,568
401,333,369,393,398,560
402,335,368,393,400,572
403,335,371,392,401,581
404,338,366,391,398,552
405,335,368,392,399,564
406,337,368,392,398,568
407,337,371,391,399,574
408,335,368,400,397,554
409,340,369,390,399,575
410,343,370,384,402,563
411,341,368,390,398,563
412,338,369,393,399,563
413,337,369,392,399,565
414,344,368,389,394,574
415,334,375,396,401,550
416,334,369,395,401,573
417,339,372,395,401,555
418,337,369,391,398,566
419,337,369,393,399,564
420,339,370,391,400,562
421,338,372,390,393,576
422,333,371,394,395,557
423,332,372,394,398,583
424,332,370,391,399,561
425,338,369,391,397,563
426,339,369,392,398,562
427,340,369,400,401,572
428,339,376,390,398,572
429,342,364,394,394,560
430,335,369,391,401,568
431,338,371,393,399,569
432,339,370,392,398,563
433,342,367,395,397,571
434,337,368,394,396,556
435,336,365,393,395,550
436,335,366,396,399,547
437,340,368,391,396,568
438,338,370,389,396,562
439,338,369,389,397,561
440,342,368,390,402,563
441,335,373,387,398,569
442,343,373,385,399,572
443,339,369,387,392,560
444,340,371,390,396,979
445,339,370,390,396,1006
446,336,370,391,397,989
447,342,367,389,398,1003
448,332,367,391,395,1002
449,346,368,387,394,1015
450,341,370,391,398,997
451,340,369,390,396,1006
452,337,369,392,396,996
453,333,368,388,400,1013
454,334,367,393,397,962
455,337,374,397,391,988
456,335,368,391,402,995
457,341,370,390,397,1003
458,339,370,390,397,1007
459,340,370,392,398,578
460,336,368,397,399,564
461,334,372,389,396,554
462,339,369,394,394,542
463,337,370,393,399,565
464,338,369,392,396,562
465,339,370,391,398,562
466,336,373,389,396,1008
467,344,368,391,398,941
468,341,367,392,393,1020
469,337,366,392,402,1001
470,337,369,391,397,996
471,338,370,392,397,999
472,342,369,393,397,1012
473,342,369,391,394,994
474,342,369,388,400,1009
475,346,372,396,389,991
476,338,365,391,397,974
477,338,370,391,398,992
478,338,368,391,396,997
479,337,368,392,395,1000
480,342,369,388,389,985
481,336,369,387,396,947
482,336,368,392,402,982
483,340,372,391,397,996
484,340,369,392,396,998
485,339,372,392,395,1003
486,337,370,394,394,984
487,342,374,388,394,1023
488,338,367,385,401,1020
489,339,369,393,394,1013
490,339,368,390,395,998
491,338,369,391,396,994
492,341,368,391,395,1002
493,338,370,390,397,1023
494,335,371,391,398,982
495,343,373,387,394,1018
496,339,370,392,397,1005
497,341,370,391,396,1008
498,341,371,391,395,996
499,342,368,391,396,1003
500,336,367,388,398,1005
501,342,368,391,394,971
502,338,372,390,397,985
503,339,367,391,397,1000
504,339,370,391,396,1002
505,341,367,393,391,989
506,345,366,390,399,957
507,344,373,387,393,1016
508,340,370,392,398,986
509,339,370,391,397,1005
510,339,371,391,398,1002
511,339,369,389,397,992
512,340,368,394,398,981
513,349,369,391,395,1003
514,339,371,392,395,991
515,339,370,392,398,1003
516,338,370,391,395,992
517,338,370,391,396,1002
518,337,366,397,393,998
519,339,372,384,397,1023
520,341,373,397,396,1014
521,333,371,389,398,990
522,339,370,392,399,1007
523,340,369,391,397,1003
524,341,372,389,397,1023
525,339,371,390,395,1023
526,336,374,392,398,998
527,340,373,394,390,1022
528,338,369,388,395,1003
529,338,370,393,395,1004
530,339,371,391,397,1002
531,341,369,390,400,975
532,343,375,390,392,1023
533,338,367,390,404,942
534,340,370,389,396,1012
535,340,372,392,397,1003
536,341,371,391,397,1001
537,342,369,393,394,1020
538,338,372,396,399,987
539,340,371,389,400,1014
540,343,369,389,392,989
541,339,371,392,397,997
542,340,371,389,397,1004
543,339,370,391,397,989
544,342,371,391,396,984
545,344,372,391,388,1014
546,333,374,396,394,1006
547,347,367,384,398,991
548,337,369,393,399,1008
549,340,371,393,398,1008
550,342,370,397,398,995
551,345,371,387,392,1012
552,337,369,390,395,1003
553,339,368,392,400,1023
554,338,369,391,397,996
555,339,371,392,395,991
556,339,370,392,396,1023
557,335,370,397,399,995
558,337,370,394,391,979
559,338,369,389,397,993
560,336,371,398,398,986
561,341,371,393,398,1002
562,340,370,393,396,1006
563,340,372,390,399,999
564,341,369,395,401,970
565,343,367,394,401,1004
566,338,368,392,396,1014
567,338,371,394,398,998
568,340,368,391,398,1004
569,339,371,392,397,999
570,342,369,390,392,1017
571,344,363,389,397,1005
572,345,365,395,395,1010
573,339,367,392,393,1000
574,339,370,391,397,998
575,340,371,393,397,1009
576,342,369,389,395,1010
577,341,366,396,398,1000
578,341,373,391,398,1020
579,342,368,395,392,986
580,341,371,393,400,1016
581,340,369,393,398,998
582,340,370,392,395,1003
583,337,372,391,400,996
584,342,371,390,394,996
585,339,370,389,392,980
586,338,370,394,399,1023
587,340,369,392,396,997
588,340,371,392,397,1007
589,340,371,390,396,1023
590,346,366,389,403,1000
591,337,373,388,394,1007
592,338,375,389,397,995
593,339,368,392,397,1015
594,341,369,392,397,1004
595,340,369,390,398,1002
596,337,370,391,393,1018
597,342,369,390,399,985
598,342,370,395,391,977
599,345,367,388,394,992
600,340,371,394,397,1005
601,341,371,391,395,1000
602,338,371,396,396,988
603,337,372,393,390,997
604,344,370,386,393,1020
605,339,371,388,394,978
606,340,370,394,397,1002
607,340,371,392,395,1001
608,340,372,392,397,995
609,334,377,390,394,1014
610,330,377,396,399,978
611,336,368,386,404,981
612,346,370,388,395,990
613,341,370,392,397,1000
614,340,370,392,396,1010
615,339,371,394,401,992
616,345,367,390,392,984
617,341,369,389,395,1023
618,346,367,390,393,1023
619,339,369,390,394,1001
620,339,370,393,396,1005
621,340,371,391,398,994
622,344,365,390,397,1018
623,336,373,398,395,995
624,338,373,387,394,1000
625,340,366,392,397,1009
626,340,370,392,396,1008
627,341,370,392,396,1005
628,340,368,396,393,1009
629,334,363,393,401,1023
630,343,367,395,400,986
631,337,371,390,400,988
632,342,370,393,397,1015
633,340,370,392,395,996
634,340,370,389,397,1007
635,336,368,395,397,987
636,339,365,393,403,996
637,339,368,389,398,1023
638,338,365,390,392,993
639,341,369,390,398,1001
640,342,371,392,398,1009
641,344,366,396,397,990
642,341,369,391,400,1001
643,342,372,393,399,1023
644,339,370,390,399,1008
645,342,371,392,397,1016
646,340,368,392,398,993
647,340,371,389,395,1019
648,340,366,390,396,1003
649,334,367,393,396,998
650,341,370,397,399,1000
651,347,369,395,397,989
652,343,370,391,397,1001
653,342,371,392,397,1011
654,340,367,392,397,983
655,345,371,390,401,1023
656,345,368,392,393,1023
657,347,376,398,388,1023
658,340,367,391,396,991
659,342,371,391,397,991
660,341,370,390,398,1004
661,339,368,395,397,988
662,338,367,395,401,998
663,343,370,399,398,972
664,343,371,395,398,992
665,340,370,393,398,1007
666,341,371,391,396,1005
667,338,374,395,397,1005
668,338,367,398,394,1010
669,337,372,397,395,1020
670,336,373,399,398,1000
671,342,369,391,395,991
672,341,369,393,398,997
673,341,370,390,399,1009
674,343,373,392,397,1005
675,346,368,390,391,987
676,343,372,385,396,1023
677,341,371,392,390,992
678,342,371,391,397,1007
679,341,369,392,396,1004
680,338,369,384,398,1006
681,342,366,393,398,1014
682,336,371,395,394,987
683,342,371,385,401,1023
684,342,372,393,399,1000
685,340,369,392,398,1000
686,341,370,391,394,1002
687,336,368,393,400,994
688,336,376,400,395,991
689,348,373,391,393,980
690,338,366,390,393,997
691,341,370,392,396,1001
692,342,370,393,397,1005
693,338,369,390,396,1005
694,340,373,394,402,1023
695,338,372,395,399,964
696,342,367,391,403,999
697,343,371,392,398,1003
698,343,370,392,398,1000
699,341,370,392,399,988
700,334,368,393,402,978
701,349,372,391,396,1023
702,338,375,400,395,1005
703,348,371,396,396,984
704,342,371,395,398,1003
705,342,371,392,397,1005
706,345,370,393,398,1014
707,342,369,390,403,1023
708,344,371,390,396,1013
709,339,378,394,396,976
710,340,368,391,397,1006
711,342,368,393,398,1000
712,342,370,392,396,1002
713,341,375,387,394,1007
714,340,367,396,401,994
715,341,368,395,398,1000
716,343,373,391,396,983
717,342,370,395,397,1000
718,343,371,393,397,1001
719,342,371,391,393,1019
720,341,369,397,397,968
721,339,367,393,399,977
722,343,369,391,400,989
723,342,371,392,398,1001
724,343,370,392,397,1003
725,342,370,393,399,998
726,342,369,390,395,986
727,347,368,392,400,992
728,337,368,399,403,987
729,343,368,389,396,1011
730,343,371,394,400,1002
731,343,370,393,397,1006
732,344,371,396,393,990
733,341,373,397,397,1001
734,341,368,395,400,1010
735,344,371,390,397,1023
736,340,370,393,399,1007
737,341,370,392,397,1001
738,342,372,396,396,979
739,343,372,386,397,1002
740,340,368,390,404,1012
741,336,373,400,394,983
742,341,367,394,394,998
743,341,369,393,398,1009
744,342,370,393,398,1007
745,338,374,396,399,992
746,343,371,391,399,1023
747,345,367,388,399,1023
748,341,371,392,396,1003
749,343,370,393,398,1002
750,340,369,393,396,1003
751,339,370,392,392,986
752,344,368,391,396,999
753,350,368,390,396,1023
754,339,371,401,396,981
755,342,369,390,398,1015
756,343,371,391,398,1005
757,343,370,393,398,1000
758,342,372,395,399,1007
759,335,369,401,396,978
760,341,365,392,399,1023
761,346,370,396,396,1005
762,341,370,391,396,1000
763,342,371,392,396,1000
764,342,366,394,395,998
765,343,372,388,395,1014
766,343,366,389,403,1023
767,340,370,388,392,994
768,343,370,392,396,996
769,342,372,393,398,1005
770,344,370,394,402,1016
771,339,371,394,393,1020
772,338,369,394,402,1010
773,350,368,393,394,1012
774,345,372,390,399,1000
775,343,371,392,397,1001
776,342,370,392,397,1005
777,338,368,392,400,974
778,344,372,389,396,983
779,351,375,388,388,1022
780,339,372,389,396,995
781,341,370,391,397,1002
782,343,369,391,393,1012
783,342,371,390,394,1009
784,347,373,391,403,990
785,342,375,390,401,1017
786,345,370,392,401,994
787,343,373,391,395,997
788,343,372,394,396,1001
789,342,370,394,396,1001
790,339,371,392,401,993
791,342,369,392,403,1007
792,338,371,394,398,984
793,346,371,391,401,1003
794,341,369,393,398,997
795,343,371,394,398,1003
796,344,371,389,401,1011
797,342,374,392,398,982
798,340,368,394,400,999
799,352,370,391,400,1022
800,341,370,393,395,995
801,344,369,393,399,1004
802,343,370,392,400,993
803,338,372,393,402,975
804,333,372,402,401,994
805,348,369,397,400,1023
806,340,369,401,397,1017
807,342,371,393,398,997
808,342,371,394,399,1007
809,348,368,395,399,1016
810,334,364,403,400,1015
811,341,372,400,390,1019
812,343,368,396,399,1008
813,341,370,393,396,1005
814,340,370,393,399,1003
815,344,370,395,397,982
816,346,366,394,399,980
817,340,369,390,394,1015
818,341,366,392,396,1020
819,343,370,393,397,995
820,342,371,394,399,1008
821,343,370,393,401,1000
822,347,371,390,396,1020
823,346,371,393,401,996
824,344,370,396,399,983
825,345,370,395,398,1023
826,341,369,393,399,990
827,342,370,394,398,1000
828,344,368,395,403,1002
829,349,371,383,401,1023
830,349,369,399,401,1023
831,344,369,391,406,1016
832,345,370,394,398,1003
833,343,370,396,398,1005
834,342,370,398,402,1003
835,341,368,397,393,975
836,342,371,389,394,1023
837,341,366,398,398,981
838,346,372,396,398,999
839,343,370,393,398,1002
840,343,370,395,397,1004
841,346,368,397,398,1002
842,337,374,408,394,990
843,342,374,396,400,1023
844,339,371,392,401,980
845,343,372,396,398,998
846,344,370,395,398,1004
847,342,373,398,395,1000
848,342,368,393,399,1007
849,344,370,390,405,988
850,350,372,387,396,998
851,338,369,393,397,1003
852,344,371,394,399,1001
853,339,369,395,398,1002
854,345,370,395,401,981
855,342,371,396,401,1006
856,346,370,396,399,985
857,340,369,397,400,993
858,345,371,394,400,1011
859,344,371,396,398,1005
860,342,373,396,401,1001
861,345,369,393,395,1020
862,342,366,395,400,975
863,345,372,395,399,997
864,343,372,395,398,1011
865,343,369,394,398,1001
866,343,370,394,400,998
867,345,368,394,403,1023
868,344,370,392,396,1023
869,340,368,391,402,984
870,344,371,394,398,1002
871,345,370,396,399,1007
872,344,371,395,398,1019
873,346,374,396,397,1009
874,354,369,393,396,1012
875,343,371,394,398,994
876,347,367,395,399,1004
877,341,369,394,398,1000
878,343,370,394,397,1000
879,342,369,392,398,998
880,346,371,393,398,1019
881,342,372,404,395,995
882,346,366,399,398,1000
883,342,371,394,399,1000
884,344,372,395,399,1005
885,343,370,397,402,987
886,344,371,392,393,973
887,347,369,394,394,1023
888,344,370,395,403,986
889,341,371,395,399,1002
890,345,370,394,397,1003
891,342,370,393,398,1008
892,341,374,393,394,999
893,342,367,389,404,1023
894,338,366,401,396,1005
895,338,368,395,393,1021
896,336,368,392,398,1013
897,335,368,391,398,1005
898,336,367,392,394,1017
899,343,366,392,399,999
900,336,364,392,399,986
901,340,371,399,399,996
902,344,364,391,400,1001
903,342,365,390,400,994
904,342,363,387,399,990
905,348,364,386,398,994
906,349,366,389,391,998
907,338,371,386,396,1010
908,347,366,387,402,1016
909,342,365,388,398,1007
910,341,365,389,397,1008
911,339,368,390,398,1004
912,342,365,394,394,1000
913,338,365,388,392,991
914,338,361,388,399,1016
915,338,365,389,396,1002
916,339,364,389,398,1002
917,337,366,387,400,986
918,338,360,386,399,990
919,340,366,386,396,997
920,339,369,384,391,994
921,338,366,389,396,998
922,338,366,389,398,1008
923,341,367,389,400,1005
924,339,367,392,396,1004
925,339,362,391,399,989
926,343,366,381,399,1023
927,343,369,387,398,1011
928,339,366,389,396,997
929,342,366,389,398,1003
930,339,363,388,399,1023
931,341,368,394,391,999
932,337,366,395,402,986
933,342,365,388,400,1023
934,341,366,390,398,1005
935,340,367,388,396,1006
936,339,367,388,397,1004
937,340,366,393,394,982
938,338,364,393,393,1009
939,332,370,389,397,1023
940,340,368,388,397,996
941,341,366,389,396,1007
942,340,366,389,396,1001
943,339,366,395,397,975
944,346,371,390,394,988
945,346,371,384,399,1022
946,342,366,392,400,986
947,343,366,390,396,998
948,341,367,391,397,1006
949,344,362,389,392,979
950,342,364,385,395,993
951,334,369,389,395,974
952,345,368,392,399,994
953,345,366,392,397,1001
954,341,365,391,396,1003
955,340,365,390,396,1005
956,338,369,390,399,973
957,350,370,381,395,991
958,341,369,386,393,1009
959,346,364,392,404,1007
960,342,366,390,396,1007
961,342,366,391,398,1003
962,345,367,390,398,1023
963,341,362,388,403,988
964,344,368,393,395,979
965,347,364,388,398,1023
966,341,366,389,397,997
967,342,365,388,398,1005
968,342,366,387,395,1011
969,348,371,384,393,1012
970,345,365,386,398,989
971,348,365,386,399,1006
972,350,364,389,397,1001
973,345,366,386,397,996
974,344,369,389,395,1007
975,343,369,390,392,973
976,347,369,388,399,1008
977,352,363,388,396,994
978,351,370,390,395,1008
979,346,368,387,394,996
980,345,367,387,394,998
981,343,368,387,394,996
982,345,367,386,393,1003
983,344,367,388,394,988
984,342,367,388,391,997
985,344,367,389,392,995
986,344,368,386,394,1000
987,344,366,387,394,1005
988,340,370,386,395,1011
989,341,366,389,395,994
990,348,367,384,390,1011
991,344,365,387,394,996
992,343,367,387,393,1000
993,343,367,387,392,999
994,341,368,386,394,997
995,343,368,388,392,987
996,348,367,384,390,997
997,339,366,386,392,994
998,346,366,385,392,1003
999,346,367,385,393,1008
1000,345,368,386,393,999
1001,350,368,380,395,1019
1002,347,368,384,392,1023
1003,343,373,389,394,991
1004,346,369,387,392,1001
1005,344,368,386,392,1004
1006,344,367,386,391,1002
1007,345,365,383,392,1013
1008,341,371,386,387,1002
1009,346,371,390,391,1009
1010,345,367,384,396,1004
1011,345,368,385,391,1001
1012,345,368,387,392,1002
1013,344,368,385,390,1017
1014,343,367,390,393,987
1015,338,369,393,391,993
1016,349,373,383,393,1007
1017,342,369,387,393,1008
1018,345,369,386,392,999
1019,345,368,386,392,1000
1020,348,367,386,390,1023
1021,338,367,392,397,1004
1022,340,372,383,393,1001
1023,346,367,389,398,999
1024,345,369,387,393,1007
1025,345,369,388,393,1003
1026,347,371,384,391,1018
1027,345,368,387,397,1001
1028,344,369,389,398,1012
1029,344,370,385,392,1011
1030,345,367,386,393,1005
1031,344,369,386,392,1006
1032,344,369,388,393,1000
1033,342,369,388,389,1011
1034,340,372,392,390,999
1035,344,365,381,393,989
1036,342,370,388,394,1007
1037,345,369,387,392,1006
1038,345,368,386,392,1002
1039,349,370,388,389,1022
1040,336,366,393,393,1011
1041,340,373,392,389,980
1042,346,365,385,392,990
1043,344,369,387,391,1001
1044,345,368,386,392,998
1045,346,367,386,392,991
1046,349,369,385,387,990
1047,343,371,387,392,992
1048,351,370,380,391,994
1049,345,370,388,392,1009
1050,346,368,386,391,1008
1051,345,369,387,392,1002
1052,343,368,388,392,1004
1053,341,369,387,399,993
1054,347,369,381,395,1020
1055,343,368,390,393,993
1056,344,369,387,392,999
1057,344,368,387,391,998
1058,343,371,387,387,1006
1059,347,371,386,391,1020
1060,341,370,386,392,1013
1061,343,368,389,390,1011
1062,343,368,386,391,999
1063,344,369,387,390,1001
1064,345,369,388,391,996
1065,347,369,386,387,1007
1066,340,369,386,394,990
1067,347,369,384,393,1009
1068,343,370,388,390,1006
1069,345,369,386,389,1003
1070,344,369,387,391,1001
1071,348,367,390,393,1000
1072,342,368,388,391,978
1073,342,371,389,393,992
1074,342,369,387,393,1003
1075,346,369,386,391,1000
1076,345,370,386,392,998
1077,346,371,388,393,1006
1078,343,374,388,389,1004
1079,341,368,387,393,1023
1080,345,369,381,393,996
1081,345,368,390,392,1007
1082,345,368,386,390,1003
1083,345,369,387,391,1004
1084,343,367,387,392,991
1085,338,371,385,392,953
1086,343,369,388,393,972
1087,346,371,387,390,1004
1088,345,369,387,391,1003
1089,346,369,388,390,1004
1090,346,368,387,392,1019
1091,343,371,387,389,1004
1092,346,370,391,387,982
1093,346,364,385,390,979
1094,346,368,386,389,1000
1095,345,369,386,390,999
1096,344,368,385,391,1014
1097,344,369,384,387,1005
1098,348,370,384,395,1023
1099,348,372,386,390,1014
1100,343,369,385,392,1003
1101,346,369,386,390,1010
1102,345,369,386,390,1003
1103,344,371,385,392,1016
1104,347,371,385,384,978
1105,349,369,386,386,1010
1106,339,370,386,389,983
1107,344,369,386,390,1006
1108,345,369,387,390,1000
1109,343,370,385,388,1000
1110,345,369,385,393,956
1111,348,367,389,393,979
1112,344,372,385,390,991
1113,346,367,387,391,1006
1114,344,368,386,390,1006
1115,345,370,386,390,1001
1116,345,369,387,384,1013
1117,338,367,393,392,976
1118,343,365,387,393,1002
1119,343,369,385,386,1016
1120,345,369,386,388,1023
1121,344,369,386,388,1023
1122,345,368,387,389,1023
1123,343,370,387,387,959
1124,342,371,386,389,976
1125,342,369,383,393,993
1126,347,369,386,390,1005
1127,346,370,386,389,995
1128,345,369,387,388,1005
1129,342,368,387,386,989
1130,343,363,387,396,1001
1131,349,370,383,394,1009
1132,342,368,382,388,1004
1133,345,369,386,388,1002
1134,344,369,385,389,1003
1135,345,368,386,389,991
1136,345,372,387,385,984
1137,342,372,385,389,985
1138,339,369,386,392,990
1139,346,370,386,390,1005
1140,344,370,386,389,1005
1141,346,372,385,390,995
1142,347,371,384,388,1018
1143,350,371,385,389,1013
1144,349,368,385,390,1010
1145,344,369,386,388,989
1146,345,370,386,390,1001
1147,343,369,384,390,1000
1148,342,368,381,395,993
1149,351,373,382,389,992
1150,349,366,382,387,1023
1151,347,368,384,388,1023
1152,344,369,386,389,1014
1153,347,369,386,389,1002
1154,346,370,384,388,1018
1155,345,369,382,391,980
1156,344,369,385,391,1022
1157,342,367,387,391,983
1158,346,370,387,389,1009
1159,346,368,384,388,997
1160,345,369,386,388,1018
1161,344,368,383,390,1023
1162,346,368,387,388,1023
1163,342,371,385,388,1023
1164,343,368,385,388,1023
1165,345,369,386,388,1022
1166,345,369,385,388,1005
1167,345,372,389,380,1013
1168,349,366,383,391,1017
1169,341,370,388,391,979
1170,347,369,385,393,1005
1171,346,370,386,388,1004
1172,344,370,386,389,1004
1173,344,370,384,386,994
1174,349,371,381,384,1008
1175,340,369,384,389,1019
1176,345,371,389,389,986
1177,346,370,385,389,1006
1178,345,370,386,390,1003
1179,346,370,383,388,1001
1180,344,369,380,390,992
1181,350,368,386,391,1010
1182,351,372,378,385,1018
1183,350,368,387,386,1012
1184,347,370,384,388,1007
1185,345,369,385,387,1000
1186,343,368,383,386,999
1187,346,370,384,385,1023
1188,346,369,383,388,1015
1189,349,367,382,388,1023
1190,346,370,385,387,1001
1191,347,371,385,388,1002
1192,346,370,382,385,991
1193,345,368,388,389,1023
1194,353,370,379,389,991
1195,344,370,384,389,987
1196,342,369,382,388,1003
1197,345,369,385,387,999
1198,346,370,385,389,1012
1199,349,369,382,391,1019
1200,341,369,381,388,978
1201,344,371,388,386,1003
1202,344,373,387,392,1017
1203,346,370,386,388,1001
1204,347,370,385,388,1005
1205,345,372,387,391,999
1206,347,372,385,390,994
1207,344,366,391,392,994
1208,350,368,377,389,1013
1209,344,364,379,392,996
1210,342,364,378,391,1006
1211,339,362,378,392,1014
1212,333,364,380,393,942
1213,343,366,377,392,915
1214,331,364,387,393,560
1215,335,363,383,392,550
1216,334,364,382,394,556
1217,334,363,383,396,1005
1218,335,363,384,400,994
1219,333,367,386,393,990
1220,339,363,388,398,1013
1221,347,367,387,415,989
1222,365,366,379,422,985
1223,366,372,375,432,910
1224,369,375,372,443,879
1225,368,377,376,442,884
1226,360,382,378,438,907
1227,375,377,369,443,1016
1228,371,382,372,447,972
1229,371,379,376,445,942
1230,355,378,373,446,957
1231,333,380,375,433,958
1232,338,366,363,435,994
1233,326,379,387,447,897
1234,328,376,370,440,890
1235,333,373,370,441,975
1236,334,374,371,440,972
1237,332,374,373,443,993
1238,336,375,374,432,966
1239,340,376,363,438,1016
1240,338,384,371,432,925
1241,338,381,372,439,967
1242,335,376,370,432,973
1243,335,375,373,434,974
1244,334,379,367,436,1006
1245,334,371,366,439,991
1246,328,383,377,425,935
1247,336,381,375,436,949
1248,336,377,376,435,981
1249,339,377,373,432,971
1250,338,380,379,432,927
1251,335,375,371,436,970
1252,330,380,382,430,939
1253,340,377,381,432,915
1254,338,375,375,429,994
1255,339,379,375,431,996
1256,341,379,374,431,981
1257,347,373,377,432,950
1258,349,375,370,430,951
1259,336,378,384,422,924
1260,347,381,362,435,962
1261,344,378,375,432,964
1262,344,379,374,429,970
1263,343,380,370,429,975
1264,334,375,373,430,959
1265,346,382,379,426,893
1266,355,373,368,429,970
1267,343,381,373,426,931
1268,341,381,376,429,985
1269,341,378,376,427,985
1270,348,379,379,429,931
1271,340,377,382,435,993
1272,345,381,373,428,1008
1273,340,379,377,426,1023
1274,340,379,373,426,1002
1275,341,380,376,426,977
1276,345,378,377,421,965
1277,335,380,383,424,946
1278,348,374,368,434,979
1279,340,389,372,419,946
1280,346,378,365,417,928
1281,345,380,375,427,978
1282,344,381,378,425,992
1283,340,384,368,430,966
1284,351,372,370,435,1002
1285,334,383,381,423,986
1286,332,379,379,430,928
1287,343,380,378,425,930
1288,341,380,376,425,960
1289,341,379,376,426,966
1290,350,385,370,427,1023
1291,342,376,380,422,977
1292,344,372,376,422,1023
1293,343,380,372,425,1023
1294,343,381,376,428,989
1295,341,379,377,424,984
1296,343,375,375,416,1001
1297,342,383,375,426,1023
1298,341,380,379,425,964
1299,347,376,386,428,955
1300,347,379,375,426,966
1301,342,377,378,424,964
1302,343,379,377,426,1023
1303,348,377,369,435,931
1304,332,376,387,439,959
1305,345,382,374,418,895
1306,340,380,378,420,981
1307,343,379,376,422,993
1308,345,381,376,424,986
1309,342,376,370,419,957
1310,345,378,382,421,1023
1311,343,380,363,425,1023
1312,343,374,368,426,983
1313,347,379,376,425,941
1314,342,380,374,424,982
1315,344,379,374,421,921
1316,340,377,377,420,969
1317,338,377,372,418,992
1318,353,373,371,419,954
1319,336,376,381,424,952
1320,343,380,374,420,974
1321,345,380,375,420,972
1322,344,381,373,418,958
1323,350,382,369,415,1003
1324,349,374,373,426,918
1325,351,375,369,427,1009
1326,339,381,377,421,971
1327,345,380,375,421,984
1328,342,380,375,421,975
1329,339,382,378,414,913
1330,345,380,375,414,914
1331,336,383,388,418,938
1332,344,383,377,421,992
1333,343,377,374,422,985
1334,345,379,376,421,981
1335,350,376,379,419,990
1336,344,379,378,424,920
1337,344,383,375,426,982
1338,332,386,378,420,926
1339,350,382,381,423,976
1340,345,377,377,422,982
1341,344,380,374,421,971
1342,342,376,385,424,903
1343,343,368,384,433,1023
1344,340,382,381,430,959
1345,346,384,374,421,1016
1346,345,379,374,423,987
1347,345,380,374,422,998
1348,351,383,376,417,1010
1349,343,380,374,415,1023
1350,356,382,384,417,947
1351,330,386,382,417,1001
1352,343,375,377,421,981
1353,340,380,378,421,970
1354,344,379,377,421,968
1355,339,386,377,416,940
1356,348,380,368,423,933
1357,353,379,377,430,1023
1358,349,384,374,419,987
1359,345,380,377,423,976
1360,343,380,379,420,989
1361,351,382,372,425,992
1362,342,382,383,421,1023
1363,345,376,366,426,1023
1364,349,368,382,428,951
1365,346,376,376,425,985
1366,345,380,375,423,988
1367,343,380,376,421,967
1368,341,373,383,415,926
1369,348,389,379,415,989
1370,339,377,381,429,1003
1371,339,378,376,419,1023
1372,345,380,376,421,985
1373,346,382,376,421,974
1374,349,378,373,423,960
1375,349,379,375,420,935
1376,345,378,369,422,1015
1377,335,374,390,429,1013
1378,336,377,374,421,962
1379,340,382,376,420,992
1380,342,379,377,421,972
1381,341,382,381,431,953
1382,346,386,365,417,948
1383,346,378,376,418,963
1384,340,379,369,417,1023
1385,342,379,378,422,975
1386,343,383,379,420,976
1387,345,376,378,423,995
1388,342,377,379,415,975
1389,336,382,382,423,899
1390,340,380,368,434,1023
1391,339,373,379,422,975
1392,343,380,375,423,953
1393,342,378,375,420,966
1394,342,375,375,430,938
1395,340,378,380,426,1023
1396,336,376,389,414,944
1397,335,373,378,419,1023
1398,345,381,377,424,978
1399,346,380,381,420,982
1400,343,378,376,419,975
1401,348,381,379,413,996
1402,344,384,379,421,937
1403,346,381,383,425,985
1404,344,376,380,422,957
1405,341,379,377,422,959
1406,345,380,375,420,969
1407,347,379,369,417,994
1408,349,378,370,426,1023
1409,341,377,381,413,929
1410,350,379,382,418,1023
1411,346,379,375,421,983
1412,344,380,376,421,979
1413,343,381,377,419,954
1414,345,378,378,421,950
1415,341,386,370,417,1005
1416,336,384,379,416,970
1417,345,377,374,416,981
1418,343,380,380,421,991
1419,344,380,375,420,963
1420,344,374,373,423,978
1421,348,375,375,416,1023
1422,349,376,382,417,989
1423,344,376,375,421,987
1424,344,378,379,421,992
1425,346,379,377,422,972
1426,346,380,380,416,1012
1427,348,384,370,418,1011
1428,349,377,372,426,984
1429,349,383,379,415,941
1430,340,379,372,415,1023
1431,346,380,378,419,970
1432,345,380,377,420,975
1433,342,383,371,418,985
1434,347,376,370,424,1023
1435,346,379,374,414,992
1436,346,375,377,422,918
1437,345,378,377,419,982
1438,346,379,377,420,977
1439,346,381,376,419,982
1440,349,377,380,418,1023
1441,339,372,378,422,980
1442,349,388,383,420,987
1443,348,384,379,423,1023
1444,343,379,378,420,965
1445,345,379,376,417,974
1446,348,385,374,421,985
1447,343,379,375,415,940
1448,344,375,367,431,1023
1449,341,381,387,413,973
1450,339,380,376,416,971
1451,345,381,375,421,981
1452,348,380,376,420,983
1453,340,374,377,418,944
1454,349,375,376,422,983
1455,346,378,366,425,1023
1456,347,376,379,423,950
1457,345,382,375,421,985
1458,345,380,376,418,981
1459,343,380,384,414,1018
1460,337,383,380,411,971
1461,340,377,375,421,1001
1462,352,381,381,423,999
1463,341,383,378,417,966
1464,343,381,377,421,991
1465,347,380,376,417,989
1466,335,384,382,421,940
1467,348,383,370,418,962
1468,335,379,376,416,972
1469,344,380,382,414,999
1470,342,379,376,417,968
1471,344,382,376,415,967
1472,344,380,376,416,950
1473,340,379,379,419,958
1474,337,380,382,421,967
1475,336,378,382,422,946
1476,344,381,371,418,953
1477,342,380,375,418,990
1478,344,381,377,418,986
1479,344,380,371,416,1005
1480,342,377,387,413,944
1481,341,392,367,421,917
1482,349,386,373,406,983
1483,343,380,379,416,973
1484,345,379,376,417,978
1485,343,379,375,417,1004
1486,343,377,376,414,991
1487,337,371,377,422,967
1488,342,381,385,433,1018
1489,352,381,377,416,906
1490,346,378,376,417,980
1491,345,379,377,418,997
1492,340,381,376,425,975
1493,346,380,374,416,1023
1494,333,381,375,422,994
1495,344,362,373,418,1006
1496,348,380,377,415,976
1497,343,380,377,418,970
1498,343,378,376,417,983
1499,344,386,371,416,996
1500,332,383,381,420,857
1501,349,370,376,410,1005
1502,342,380,393,415,937
1503,343,379,379,418,979
1504,346,380,377,418,980
1505,348,378,375,421,966
1506,349,380,369,419,988
1507,344,382,376,423,988
1508,344,386,382,403,984
1509,346,381,379,421,954
1510,341,381,379,418,980
1511,346,379,378,417,977
1512,346,384,380,424,992
1513,342,382,372,414,988
1514,347,385,377,406,984
1515,346,380,374,419,1010
1516,343,380,374,414,972
1517,341,381,378,418,978
1518,345,380,378,415,998
1519,352,377,382,412,1023
1520,335,374,372,430,961
1521,337,381,378,421,931
1522,344,385,373,418,1023
1523,344,381,377,415,965
1524,342,380,377,416,953
1525,348,376,382,414,969
1526,350,381,373,412,993
1527,348,383,374,414,994
1528,344,387,378,422,964
1529,345,378,379,414,990
1530,344,380,379,416,973
1531,344,379,378,417,984
1532,341,380,380,416,1007
1533,346,382,382,427,965
1534,349,375,379,412,1023
1535,351,382,388,416,951
1536,347,380,379,416,992
1537,343,380,378,417,968
1538,343,380,379,414,971
1539,344,376,378,412,931
1540,346,382,380,408,931
1541,339,382,374,408,920
1542,344,380,371,415,930
1543,342,381,379,416,974
1544,345,381,378,416,1001
1545,338,383,381,413,945
1546,349,385,375,404,1008
1547,349,376,378,415,1009
1548,336,376,385,424,996
1549,348,379,378,417,973
1550,345,381,376,418,977
1551,343,379,378,414,998
1552,335,380,380,423,922
1553,346,368,377,429,990
1554,337,377,385,409,969
1555,345,378,379,408,973
1556,343,382,380,416,976
1557,344,380,379,418,979
1558,343,382,381,417,967
1559,354,377,381,411,1012
1560,341,390,381,408,918
1561,346,376,382,410,921
1562,345,382,380,417,970
1563,342,380,379,414,988
1564,345,379,378,417,1014
1565,350,381,367,414,1010
1566,348,370,375,418,959
1567,342,390,382,420,984
1568,342,385,385,417,953
1569,344,380,379,415,977
1570,345,379,378,417,990
1571,347,378,377,421,959
1572,339,375,378,419,988
1573,348,378,376,415,1023
1574,340,382,376,424,915
1575,337,383,378,417,977
1576,344,379,375,418,983
1577,345,380,378,416,977
1578,342,379,378,421,986
1579,349,378,362,423,1023
1580,335,385,378,416,894
1581,343,383,372,417,1009
1582,346,381,377,414,978
1583,345,379,377,417,990
1584,343,381,376,416,1004
1585,340,379,377,425,1021
1586,348,384,381,420,958
1587,345,381,381,422,922
1588,340,379,379,421,983
1589,345,378,379,418,966
1590,344,380,377,418,963
1591,340,379,383,420,908
1592,350,373,375,417,866
1593,337,380,375,414,923
1594,342,380,379,414,1023
1595,344,381,379,417,973
1596,345,381,377,417,993
1597,345,380,368,414,989
1598,336,374,374,416,952
1599,349,379,380,418,1023
1600,341,384,377,421,1001
1601,342,377,376,415,985
1602,345,380,379,417,978
1603,345,380,377,416,984
1604,344,378,378,412,978
1605,346,386,373,419,897
1606,337,385,379,417,875
1607,349,389,377,422,1023
1608,345,382,381,415,981
1609,344,380,377,417,1001
1610,346,382,378,417,1006
1611,345,386,385,421,957
1612,340,381,384,419,973
1613,352,380,378,414,959
1614,338,382,373,416,1020
1615,344,381,376,416,952
1616,346,379,377,415,979
1617,344,374,380,414,994
1618,351,382,376,424,901
1619,337,384,382,419,925
1620,333,380,369,409,973
1621,344,387,380,417,1015
1622,344,379,379,418,988
1623,344,381,380,416,993
1624,348,379,382,416,1023
1625,345,387,381,411,1023
1626,347,381,378,418,1023
1627,345,380,384,409,945
1628,347,380,377,417,976
1629,342,381,376,415,987
1630,345,383,375,416,947
1631,351,375,377,420,1001
1632,346,378,378,416,1004
1633,331,375,389,421,948
1634,346,381,380,420,1023
1635,344,377,373,419,990
1636,344,374,372,417,988
1637,327,368,365,418,993
1638,337,376,371,417,907
1639,336,363,370,425,983
1640,334,375,373,428,1021
1641,335,373,372,420,970
1642,336,373,371,415,987
1643,336,375,372,416,965
1644,334,375,372,416,970
1645,341,383,369,411,1023
1646,334,363,372,420,876
1647,344,378,366,421,965
1648,340,377,372,416,991
1649,341,375,373,418,990
1650,345,378,368,411,934
1651,341,374,371,417,896
1652,337,381,379,412,975
1653,347,377,366,421,966
1654,343,376,369,419,1006
1655,340,377,373,413,984
1656,338,377,372,415,978
1657,335,375,372,422,973
1658,332,371,381,429,939
1659,333,369,374,427,966
1660,327,379,375,421,897
1661,337,375,378,417,987
1662,338,378,375,416,970
1663,341,378,374,409,951
1664,343,381,377,408,993
1665,341,371,369,414,951
1666,336,381,370,415,974
1667,335,376,377,413,972
1668,342,377,374,417,982
1669,340,375,374,416,964
1670,340,373,378,420,1023
1671,336,373,371,420,951
1672,339,377,376,406,967
1673,337,384,381,419,1002
1674,341,373,377,417,1007
1675,338,377,375,416,979
1676,341,377,374,417,985
1677,340,378,372,416,957
1678,346,377,372,398,977
1679,339,382,384,406,992
1680,334,378,378,423,985
1681,342,378,376,416,986
1682,338,377,373,415,966
1683,340,378,370,413,988
1684,345,367,373,417,1003
1685,344,378,364,410,1023
1686,335,375,395,421,963
1687,337,379,377,420,986
1688,339,378,378,416,974
1689,341,377,375,416,979
1690,342,382,377,410,987
1691,339,375,378,420,964
1692,340,373,373,420,1023
1693,334,382,373,418,945
1694,337,375,376,419,1016
1695,339,376,374,416,982
1696,341,377,375,416,933
1697,352,379,373,419,1023
1698,328,377,381,411,915
1699,346,371,368,410,1023
1700,339,375,380,409,936
1701,341,378,376,417,1017
1702,340,378,377,417,993
1703,342,376,369,423,995
1704,346,378,373,416,994
1705,341,380,384,414,914
1706,344,377,358,425,969
1707,350,380,368,416,951
1708,337,377,377,416,970
1709,339,377,375,414,971
1710,336,378,372,416,968
1711,347,377,379,407,881
1712,342,373,369,410,982
1713,334,384,364,410,964
1714,341,379,374,414,987
1715,340,376,377,415,982
1716,343,377,373,421,1014
1717,344,377,365,417,930
1718,346,378,380,416,1023
1719,349,375,365,416,1018
1720,340,384,380,413,1003
1721,339,378,377,415,995
1722,340,378,375,415,973
1723,342,374,377,409,1006
1724,338,375,370,420,1006
1725,334,370,382,423,967
1726,324,375,366,428,956
1727,342,380,377,414,969
1728,338,379,375,416,984
1729,341,378,377,416,953
1730,352,377,369,417,1023
1731,339,372,384,417,903
1732,338,380,381,417,1023
1733,340,381,374,407,1001
1734,339,378,377,415,980
1735,340,375,377,415,982
1736,342,380,375,411,948
1737,336,377,372,415,994
1738,342,377,370,411,966
1739,338,378,386,410,973
1740,340,376,377,417,1012
1741,344,376,376,415,984
1742,341,376,375,416,984
1743,347,379,377,417,985
1744,337,382,374,404,973
1745,340,375,379,411,967
1746,339,373,379,416,962
1747,340,377,375,416,982
1748,340,376,377,414,983
1749,340,382,380,413,938
1750,344,380,373,420,895
1751,345,383,381,416,939
1752,334,371,374,426,1001
1753,334,371,371,411,967
1754,341,378,377,417,968
1755,344,378,377,415,984
1756,346,381,387,420,927
1757,335,377,371,427,974
1758,338,374,372,413,967
1759,348,377,365,414,1007
1760,344,377,373,413,957
1761,344,377,377,417,960
1762,340,377,376,416,959
1763,341,374,373,412,932
1764,350,369,377,429,1023
1765,343,371,372,417,945
1766,349,380,374,415,980
1767,341,378,376,414,979
1768,342,377,374,416,981
1769,345,374,376,410,982
1770,336,373,382,421,973
1771,337,370,381,419,992
1772,336,380,378,420,963
1773,340,375,375,417,988
1774,341,377,375,416,973
1775,340,377,375,415,972
1776,346,375,378,415,967
1777,332,378,379,418,904
1778,341,373,379,412,943
1779,340,379,379,427,935
1780,342,378,377,415,968
1781,343,378,378,416,996
1782,341,376,374,413,964
1783,337,383,376,402,995
1784,336,379,372,419,995
1785,342,370,375,417,929
1786,335,380,368,413,1013
1787,343,377,378,412,951
1788,341,377,376,416,962
1789,337,373,374,421,967
1790,340,384,384,410,904
1791,344,380,369,416,939
1792,342,378,387,417,972
1793,340,379,378,421,1017
1794,342,378,377,416,987
1795,343,378,372,417,960
1796,339,371,379,421,989
1797,341,386,385,404,953
1798,340,378,373,412,952
1799,347,379,377,412,970
1800,342,378,375,415,984
1801,342,376,375,416,972
1802,340,378,376,418,982
1803,339,382,379,405,951
1804,341,381,378,404,1013
1805,358,382,371,412,884
1806,343,378,379,419,1022
1807,344,376,377,413,966
1808,342,379,376,412,1023
1809,343,380,378,410,1023
1810,342,378,382,405,982
1811,348,381,376,401,996
1812,342,376,366,409,966
1813,345,379,376,415,1000
1814,344,378,375,415,965
1815,349,375,371,413,1005
1816,344,383,378,415,928
1817,339,381,375,416,1015
1818,337,376,383,404,940
1819,345,377,378,418,1008
1820,344,375,378,417,989
1821,343,377,377,415,979
1822,344,378,377,418,934
1823,342,379,382,416,969
1824,344,377,367,415,1019
1825,346,372,377,412,978
1826,345,377,375,415,965
1827,344,378,375,414,978
1828,345,376,373,416,960
1829,343,379,371,423,941
1830,343,378,381,416,938
1831,339,372,375,420,1018
1832,334,376,374,418,1018
1833,343,379,376,413,973
1834,343,378,374,413,985
1835,344,383,380,414,1023
1836,338,375,373,414,925
1837,347,378,375,420,980
1838,339,379,376,407,963
1839,345,378,375,413,976
1840,343,377,376,416,980
1841,342,378,376,407,974
1842,336,376,377,412,1023
1843,348,378,372,420,1013
1844,352,381,372,413,887
1845,342,377,379,418,1023
1846,346,379,375,412,990
1847,342,377,376,415,987
1848,346,374,370,418,957
1849,334,376,379,424,1023
1850,338,373,385,412,968
1851,336,369,381,419,953
1852,344,378,372,412,970
1853,343,378,374,414,979
1854,343,377,375,408,961
1855,335,382,377,405,945
1856,345,378,373,425,974
1857,352,375,369,404,1012
1858,340,375,376,421,963
1859,343,376,376,413,977
1860,344,378,377,413,981
1861,349,374,372,417,973
1862,335,383,382,423,1023
1863,344,372,371,416,989
1864,346,377,375,404,1023
1865,340,374,377,412,1004
1866,340,377,374,413,980
1867,344,377,376,414,964
1868,339,380,376,411,941
1869,339,380,389,413,963
1870,342,376,367,407,1013
1871,346,377,374,422,952
1872,347,377,371,414,974
1873,346,377,374,416,968
1874,345,376,376,412,1012
1875,356,380,375,407,1014
1876,343,375,378,418,956
1877,341,378,366,420,925
1878,348,379,370,417,1018
1879,345,376,372,412,965
1880,346,375,375,416,969
1881,345,378,373,413,1008
1882,339,368,373,414,985
1883,350,375,374,415,989
1884,347,376,368,417,985
1885,346,371,369,413,967
1886,343,372,375,418,985
1887,344,374,374,417,976
1888,349,372,369,415,1007
1889,349,378,378,413,975
1890,345,380,370,411,974
1891,344,372,377,411,1023
1892,344,373,374,416,960
1893,345,374,375,416,971
1894,342,371,378,420,977
1895,346,375,373,421,1006
1896,350,375,377,408,1018
1897,343,368,372,423,939
1898,356,376,385,420,980
1899,346,373,378,417,993
1900,346,375,376,417,998
1901,348,382,375,410,944
1902,355,378,382,422,1023
1903,350,375,372,411,1023
1904,326,376,382,422,964
1905,346,374,373,417,987
1906,344,374,376,418,981
1907,346,374,376,419,994
1908,352,373,378,416,1023
1909,346,372,377,424,973
1910,340,376,385,418,973
1911,339,374,378,416,1019
1912,346,374,376,417,970
1913,345,375,377,417,992
1914,348,378,379,420,1023
1915,347,374,370,423,971
1916,346,377,375,418,1014
1917,341,376,380,411,1012
1918,349,372,374,418,995
1919,344,376,375,417,967
1920,345,374,377,416,965
1921,347,375,377,415,990
1922,354,374,379,423,1013
1923,343,374,369,414,978
1924,344,369,385,417,971
1925,344,376,376,416,991
1926,345,377,379,417,1003
1927,344,374,373,416,967
1928,346,376,377,411,985
1929,354,377,376,409,984
1930,345,368,377,420,1008
1931,338,379,372,416,957
1932,345,376,377,415,980
1933,343,376,378,414,984
1934,346,375,379,415,973
1935,342,370,381,418,1023
1936,349,380,379,412,1023
1937,352,371,372,411,978
1938,346,374,375,415,992
1939,349,375,376,417,999
1940,347,377,377,416,973
1941,349,376,368,418,1005
1942,347,387,375,417,1002
1943,354,376,372,427,982
1944,337,376,372,418,884
1945,349,377,377,416,982
1946,346,376,378,417,976
1947,340,377,375,416,948
1948,344,372,378,419,1011
1949,348,368,386,412,948
1950,339,382,373,417,936
1951,349,382,378,416,975
1952,347,375,377,414,983
1953,347,378,376,416,995
1954,345,382,370,418,1019
1955,359,381,374,402,961
1956,346,381,375,421,983
1957,338,379,368,424,946
1958,348,374,372,415,975
1959,349,376,377,415,967
1960,347,378,376,416,998
1961,339,377,380,413,925
1962,352,366,378,423,1018
1963,352,380,373,412,1006
1964,358,374,372,419,1018
1965,347,375,376,417,970
1966,348,378,377,413,987
1967,346,378,375,419,965
1968,348,373,373,415,909
1969,349,373,369,417,1023
1970,349,373,374,421,1018
1971,346,376,378,419,998
1972,345,375,377,416,975
1973,344,376,377,415,977
1974,351,377,372,417,1009
1975,355,369,367,424,994
1976,346,376,379,415,962
1977,350,375,374,420,1014
1978,342,376,375,414,973
1979,345,378,375,416,975
1980,346,378,378,413,1011
1981,343,378,378,417,943
1982,357,380,371,414,1004
1983,350,378,378,409,909
1984,345,378,372,421,940
1985,347,377,377,415,972
1986,345,377,375,417,974
1987,347,380,380,414,963
1988,353,376,373,414,938
1989,346,379,379,407,1014
1990,342,376,373,425,966
1991,347,375,376,417,971
1992,351,377,376,415,984
1993,349,378,379,417,985
1994,347,379,379,416,984
1995,355,370,373,417,1011
1996,336,380,376,420,982
1997,355,378,374,409,954
1998,350,380,375,415,971
1999,348,379,374,415,970
2000,351,377,377,415,978
2001,344,379,378,410,949
2002,351,381,370,412,1023
2003,348,375,370,410,1023
2004,353,379,373,416,961
2005,347,376,378,415,967
2006,347,378,377,415,995
2007,350,379,371,412,1023
2008,360,374,364,412,1023
2009,352,379,374,418,1010
2010,336,384,376,412,909
2011,347,378,372,414,967
2012,349,378,378,414,985
2013,347,378,376,414,967
2014,348,381,381,421,1023
2015,358,379,372,420,1023
2016,348,375,371,409,1009
2017,344,380,385,420,1004
2018,348,378,377,417,974
2019,348,377,377,416,992
2020,344,379,380,416,938
2021,346,375,382,418,1020
2022,348,378,368,424,999
2023,348,385,379,418,948
2024,344,376,376,416,985
2025,347,377,376,415,981
2026,346,377,375,416,974
2027,345,383,378,407,971
2028,343,375,375,420,979
2029,346,373,371,432,983
2030,349,374,370,419,965
2031,349,379,375,416,970
2032,345,378,376,416,983
2033,347,380,376,415,994
2034,339,379,375,415,938
2035,341,382,379,417,960
2036,347,379,379,423,932
2037,349,372,374,418,983
2038,346,378,377,414,975
2039,344,378,375,415,979
2040,346,380,374,421,980
2041,346,383,384,409,968
2042,352,377,370,413,991
2043,347,383,375,415,1016
2044,347,378,375,419,985
2045,347,378,375,416,989
2046,346,379,375,414,983
2047,351,380,367,412,1001
2048,348,370,370,422,982
2049,341,382,374,417,930
2050,352,380,372,417,1023
2051,347,377,374,415,975
2052,347,377,375,414,987
2053,341,378,374,416,958
2054,344,383,369,411,969
2055,346,381,382,407,944
2056,348,378,372,414,896
2057,344,377,372,409,990
2058,349,378,374,413,970
2059,347,377,375,415,983
2060,346,374,381,411,978
2061,345,373,380,418,1023
2062,352,376,368,418,1004
2063,340,379,378,411,972
2064,346,375,373,413,979
2065,346,378,375,412,964
2066,345,376,377,414,965
2067,343,373,373,417,958
2068,343,380,373,405,957
2069,346,381,371,413,975
2070,348,383,371,411,955
2071,347,377,375,413,973
2072,346,378,376,414,983
2073,349,378,372,414,986
2074,349,374,380,422,995
2075,357,377,375,414,997
2076,353,382,378,403,985
2077,346,375,373,414,970
2078,346,378,374,413,974
2079,346,377,376,412,975
2080,340,378,374,416,963
2081,336,380,384,412,991
2082,344,374,384,417,940
2083,356,372,369,410,1004
2084,345,376,375,414,973
2085,346,377,376,412,987
2086,345,380,375,414,965
2087,345,375,371,410,948
2088,340,381,376,409,966
2089,352,371,374,417,1003
2090,346,374,370,407,976
2091,348,377,374,415,982
2092,347,376,375,413,973
2093,348,376,373,416,981
2094,347,376,380,413,997
2095,349,381,375,413,970
2096,342,376,385,410,954
2097,347,374,373,414,977
2098,348,377,375,413,977
2099,347,376,374,414,986
2100,351,377,374,414,946
2101,353,372,384,416,996
2102,351,382,377,408,1017
2103,345,377,370,410,991
2104,348,379,375,411,968
2105,348,376,373,412,989
2106,348,378,376,417,970
2107,347,381,377,411,945
2108,344,376,376,412,962
2109,353,385,376,412,894
2110,349,376,376,412,969
2111,348,377,376,414,971
2112,351,377,376,414,986
2113,351,381,367,410,998
2114,338,367,380,417,942
2115,359,371,380,411,1023
2116,353,371,377,415,957
2117,349,377,375,415,983
2118,348,378,374,414,978
2119,349,376,377,414,1001
2120,348,373,376,411,999
2121,344,375,369,424,957
2122,352,374,364,407,985
2123,355,378,376,410,955
2124,348,378,377,415,978
2125,350,376,376,415,985
2126,350,376,376,417,962
2127,347,379,380,418,1023
2128,348,383,379,420,895
2129,346,369,374,420,922
2130,349,375,373,414,971
2131,348,379,374,412,969
2132,349,376,378,415,969
2133,344,377,374,413,957
2134,353,380,378,409,972
2135,342,378,380,412,890
2136,345,378,378,412,935
2137,351,377,374,414,975
2138,349,378,375,414,983
2139,351,379,377,414,1023
2140,353,380,375,423,1023
2141,342,381,378,417,947
2142,343,380,383,414,990
2143,349,377,374,414,962
2144,348,378,374,415,963
2145,351,378,376,414,966
2146,350,379,377,409,956
2147,360,369,376,416,923
2148,350,374,380,413,909
2149,351,380,372,416,1021
2150,350,376,377,414,961
2151,349,378,375,414,977
2152,354,381,380,414,965
2153,349,379,386,405,957
2154,349,385,380,413,987
2155,345,377,372,415,958
2156,350,375,377,416,1013
2157,351,375,376,414,978
2158,348,378,375,413,979
2159,353,374,378,409,1023
2160,360,384,365,416,1023
2161,358,367,367,411,1023
2162,344,373,375,416,997
2163,350,379,377,413,978
2164,351,377,377,414,995
2165,353,378,377,412,1007
2166,352,382,378,410,958
2167,358,380,367,416,1023
2168,340,373,379,420,938
2169,353,379,378,415,993
2170,350,376,374,417,969
2171,349,378,376,414,972
2172,356,373,376,414,1002
2173,343,375,378,418,1023
2174,347,385,374,414,1014
2175,356,372,373,415,971
2176,348,379,376,413,986
2177,348,380,375,412,983
2178,355,376,374,421,1008
2179,351,376,373,416,928
2180,341,374,383,416,912
2181,341,376,382,416,994
2182,345,379,374,415,987
2183,350,378,374,413,968
2184,349,378,374,413,969
2185,346,378,370,408,988
2186,351,375,377,406,956
2187,350,380,375,409,988
2188,343,374,373,417,925
2189,351,379,375,413,998
2190,350,377,373,412,994
2191,354,379,373,417,993
2192,353,377,369,411,1009
2193,348,373,369,415,890
2194,343,374,376,411,905
2195,339,375,364,410,991
2196,350,374,375,414,989
2197,348,379,374,412,973
2198,355,381,371,415,991
2199,362,378,368,408,1009
2200,346,384,385,408,984
2201,345,377,372,424,964
2202,353,376,376,415,972
2203,350,378,376,413,981
2204,351,378,374,413,1003
2205,343,378,370,413,974
2206,346,376,383,413,928
2207,355,382,358,415,1000
2208,355,383,374,414,961
2209,351,376,373,413,970
2210,351,378,375,414,978
2211,353,385,381,414,1000
2212,353,377,361,423,1015
2213,346,388,370,412,990
2214,344,374,382,410,953
2215,349,375,376,413,983
2216,350,378,375,417,977
2217,351,381,369,414,996
2218,357,380,378,407,951
2219,359,380,368,408,1023
2220,355,375,377,416,1013
2221,346,377,371,419,988
2222,349,377,372,414,980
2223,349,376,374,415,975
2224,351,378,373,419,973
2225,346,385,381,411,995
2226,351,378,369,416,1021
2227,353,374,368,413,1023
2228,354,381,375,412,964
2229,352,378,375,414,983
2230,352,378,372,412,1010
2231,341,379,371,413,981
2232,363,383,369,410,994
2233,356,380,370,414,952
2234,354,374,369,410,920
2235,350,377,374,414,969
2236,348,376,374,416,976
2237,350,375,370,417,982
2238,345,374,377,411,1023
2239,350,380,368,413,1023
2240,356,385,367,414,971
2241,349,378,377,419,999
2242,349,377,373,415,978
2243,350,377,375,410,984
2244,350,383,377,421,977
2245,350,370,371,420,936
2246,355,370,372,416,968
2247,351,381,371,419,934
2248,348,374,372,413,980
2249,348,374,375,414,971
2250,344,373,373,412,1010
2251,352,379,377,414,910
2252,353,375,369,408,985
2253,353,370,372,431,953
2254,345,370,375,422,978
2255,348,371,376,418,995
2256,345,371,375,418,978
2257,339,370,378,426,970
2258,359,366,377,419,978
2259,346,362,376,415,950
2260,355,367,370,423,965
2261,361,359,371,435,935
2262,360,362,365,438,924
2263,363,365,370,441,924
2264,360,374,371,444,503
2265,357,380,372,456,517
2266,359,394,389,452,499
2267,352,393,416,464,478
2268,367,393,424,464,481
2269,370,398,428,466,492
2270,364,388,432,471,871
2271,372,398,424,467,822
2272,364,387,433,473,934
2273,372,393,431,461,876
2274,334,382,429,458,930
2275,333,370,423,456,944
2276,332,368,422,453,872
2277,319,362,430,466,911
2278,326,368,438,450,888
2279,334,364,438,460,830
2280,324,363,432,459,983
2281,336,362,431,460,924
2282,337,365,427,456,921
2283,327,368,420,461,993
2284,342,355,434,462,853
2285,343,368,425,455,1000
2286,338,371,430,451,1007
2287,335,368,430,457,937
2288,331,369,429,455,929
2289,336,369,427,459,965
2290,349,361,424,468,850
2291,324,370,442,458,807
2292,347,368,433,453,1023
2293,339,373,423,454,901
2294,339,370,433,452,914
2295,340,369,429,452,943
2296,344,371,435,453,951
2297,342,360,433,455,981
2298,347,374,430,436,1023
2299,349,366,425,458,982
2300,341,374,427,446,888
2301,343,370,426,450,944
2302,342,372,429,447,903
2303,344,373,440,455,966
2304,336,379,429,443,947
2305,359,370,413,441,910
2306,351,375,425,453,880
2307,342,373,428,448,921
2308,341,373,431,451,941
2309,345,368,428,444,888
2310,337,366,441,460,883
2311,335,375,429,443,936
2312,352,368,434,452,1011
2313,348,379,431,450,977
2314,344,375,431,449,923
2315,345,373,430,449,923
2316,352,371,426,461,964
2317,350,375,430,449,1000
2318,332,370,447,439,905
2319,360,372,434,444,964
2320,347,375,431,450,965
2321,347,376,427,449,937
2322,349,376,427,453,903
2323,354,385,430,445,956
2324,345,374,427,454,974
2325,347,373,418,453,962
2326,342,371,432,452,946
2327,346,373,430,450,919
2328,342,375,431,449,901
2329,349,377,434,451,1012
2330,333,370,436,453,885
2331,338,381,429,456,777
2332,339,374,437,452,966
2333,343,377,429,445,942
2334,340,377,432,447,945
2335,344,376,428,449,908
2336,341,378,429,443,933
2337,339,379,445,440,821
2338,334,365,440,449,898
2339,340,384,431,448,965
2340,343,374,430,447,913
2341,340,377,431,448,922
2342,339,371,436,453,896
2343,338,370,438,446,878
2344,342,369,425,460,919
2345,331,379,431,458,902
2346,341,376,432,448,950
2347,344,375,434,449,942
2348,343,377,436,444,968
2349,330,370,445,451,849
2350,333,370,440,448,895
2351,345,376,438,444,901
2352,330,376,424,447,973
2353,343,375,434,451,922
2354,341,376,433,449,924
2355,332,373,429,445,968
2356,351,359,439,465,920
2357,339,382,438,450,791
2358,330,377,438,466,936
2359,338,376,438,450,947
2360,341,380,433,445,957
2361,343,379,431,446,983
2362,341,376,427,456,905
2363,347,375,438,447,1022
2364,354,378,427,448,865
2365,353,379,434,439,870
2366,344,378,430,448,945
2367,347,375,434,446,907
2368,340,375,429,450,976
2369,332,375,435,438,862
2370,340,379,425,446,929
2371,347,377,441,450,896
2372,353,378,435,447,925
2373,348,377,433,448,942
2374,349,378,433,447,927
2375,343,376,440,444,892
2376,355,378,442,454,1023
2377,331,384,431,445,999
2378,354,384,431,452,822
2379,349,378,435,448,894
2380,348,378,434,444,920
2381,350,380,443,444,940
2382,351,398,428,448,903
2383,346,374,436,448,873
2384,340,379,452,436,864
2385,346,379,438,451,936
2386,351,378,434,449,923
2387,348,379,435,453,941
2388,353,378,428,447,991
2389,349,381,436,456,982
2390,342,367,436,452,815
2391,357,385,433,445,865
2392,350,380,432,446,932
2393,349,377,433,447,928
2394,346,383,436,448,972
2395,345,367,441,458,853
2396,345,381,440,443,876
2397,350,369,437,459,1007
2398,346,377,433,447,948
2399,348,380,433,449,928
2400,348,380,434,448,959
2401,328,385,437,442,847
2402,345,394,443,426,932
2403,354,375,422,451,969
2404,351,371,425,450,960
2405,347,379,434,446,955
2406,347,380,433,446,914
2407,349,381,431,444,941
2408,347,376,442,436,955
2409,353,382,433,437,889
2410,360,383,434,447,1023
2411,360,375,437,448,941
2412,348,381,434,446,929
2413,350,379,437,448,935
2414,346,369,438,453,1001
2415,337,372,436,459,803
2416,343,371,423,456,887
2417,351,380,441,439,883
2418,350,380,434,447,884
2419,349,379,434,445,901
2420,340,380,434,448,965
2421,352,381,431,451,846
2422,347,371,435,456,935
2423,361,372,433,436,977
2424,358,378,432,444,883
2425,347,382,434,449,923
2426,349,380,437,447,953
2427,335,380,435,446,874
2428,333,371,443,459,991
2429,347,376,439,455,907
2430,341,393,440,457,879
2431,347,380,437,449,936
2432,347,381,431,450,933
2433,348,382,433,446,950
2434,353,376,431,459,910
2435,336,370,434,449,922
2436,339,371,435,456,947
2437,350,376,424,445,951
2438,351,382,437,447,932
2439,349,381,435,446,946
2440,342,378,423,449,1023
2441,340,379,457,447,867
2442,356,371,428,461,916
2443,357,385,435,437,934
2444,351,380,429,444,914
2445,348,383,434,447,916
2446,349,380,435,449,942
2447,345,378,432,460,938
2448,342,388,430,444,939
2449,345,372,424,449,781
2450,344,379,436,447,948
2451,348,382,437,449,928
2452,349,381,434,449,946
2453,350,381,438,451,881
2454,362,386,435,449,1006
2455,336,371,439,453,939
2456,346,389,453,456,951
2457,354,381,434,442,940
2458,346,380,433,450,925
2459,349,380,434,447,954
2460,335,379,432,439,901
2461,348,380,427,449,976
2462,350,389,426,446,1014
2463,352,386,442,454,990
2464,349,381,435,448,971
2465,356,384,435,445,953
2466,348,379,438,444,993
2467,347,382,432,442,953
2468,358,389,433,435,1003
2469,352,381,433,457,938
2470,350,388,439,444,941
2471,351,381,432,449,958
2472,350,382,434,448,943
2473,342,380,431,445,1023
2474,343,382,450,443,962
2475,353,378,433,449,999
2476,353,376,432,444,956
2477,355,383,434,446,944
2478,349,382,434,446,949
2479,353,377,432,449,932
2480,356,376,433,450,933
2481,347,379,433,456,896
2482,346,382,434,450,966
2483,342,373,436,447,955
2484,349,380,437,447,942
2485,349,382,433,446,938
2486,343,383,432,449,945
2487,352,379,428,446,721
2488,347,377,434,443,978
2489,355,385,440,445,985
2490,350,382,433,446,967
2491,348,380,434,449,954
2492,349,382,435,445,887
2493,348,371,432,449,947
2494,346,382,431,448,853
2495,344,378,435,432,1023
2496,347,381,440,448,964
2497,351,380,432,449,966
2498,350,381,436,450,926
2499,347,387,433,447,964
2500,358,380,433,438,1013
2501,352,377,432,450,880
2502,355,381,436,436,872
2503,351,378,432,447,961
2504,351,382,435,445,942
2505,350,382,434,446,953
2506,355,387,432,432,972
2507,348,388,434,439,956
2508,351,379,442,450,956
2509,346,387,432,448,867
2510,348,382,434,447,943
2511,349,379,434,449,934
2512,350,379,434,445,918
2513,342,386,437,438,920
2514,358,376,431,454,1023
2515,348,379,432,449,1003
2516,347,378,428,450,974
2517,351,382,432,448,971
2518,346,382,434,446,957
2519,353,380,434,451,953
2520,350,378,438,456,922
2521,344,392,443,444,912
2522,345,379,429,457,933
2523,342,381,436,449,944
2524,351,380,433,444,944
2525,350,382,430,445,929
2526,346,380,428,449,902
2527,342,378,435,451,1023
2528,349,376,419,458,905
2529,339,379,436,447,898
2530,348,379,435,447,941
2531,349,382,432,446,951
2532,350,384,437,451,922
2533,356,376,433,448,882
2534,348,379,433,445,932
2535,346,378,443,441,850
2536,346,378,435,447,969
2537,350,382,434,445,936
2538,349,381,434,446,929
2539,344,385,431,449,965
2540,350,382,424,451,924
2541,352,375,436,437,970
2542,349,376,439,447,930
2543,349,381,431,448,945
2544,349,384,433,444,960
2545,351,385,432,447,978
2546,333,377,440,449,921
2547,366,375,432,450,1023
2548,351,373,436,461,954
2549,340,370,435,438,955
2550,348,381,435,445,912
2551,347,380,432,446,933
2552,343,384,426,454,948
2553,337,386,444,442,969
2554,339,385,434,446,935
2555,359,380,430,455,1009
2556,356,383,433,444,915
2557,348,382,435,447,955
2558,349,383,436,446,962
2559,361,389,433,441,1023
2560,355,384,441,450,959
2561,348,395,425,440,963
2562,343,383,436,445,911
2563,349,381,433,446,942
2564,350,383,432,445,951
2565,355,380,431,444,940
2566,349,388,426,448,1023
2567,343,391,425,439,965
2568,350,375,432,450,923
2569,347,388,435,449,971
2570,349,384,432,446,939
2571,351,382,435,446,955
2572,345,383,435,450,937
2573,350,389,438,449,896
2574,349,387,425,449,944
2575,360,380,439,449,952
2576,351,381,431,445,955
2577,347,382,432,447,940
2578,350,380,435,441,966
2579,351,386,431,445,1023
2580,346,382,423,447,975
2581,347,381,444,455,987
2582,362,376,437,445,1023
2583,350,383,435,443,964
2584,352,384,435,447,968
2585,357,374,437,454,841
2586,351,378,434,452,1023
2587,347,378,442,453,1023
2588,349,385,429,452,965
2589,349,385,435,447,940
2590,348,383,435,447,930
2591,348,383,433,448,970
2592,343,394,427,437,930
2593,363,376,425,459,1001
2594,341,386,437,445,903
2595,348,381,442,450,915
2596,347,383,432,445,964
2597,349,382,434,446,964
2598,348,382,432,450,990
2599,352,371,428,456,1023
2600,354,382,429,441,1018
2601,346,385,436,453,898
2602,348,384,433,447,957
2603,348,381,435,446,945
2604,347,382,433,447,941
2605,358,380,427,462,960
2606,345,384,436,446,988
2607,345,388,429,443,958
2608,344,379,424,447,930
2609,347,379,432,445,972
2610,347,382,433,444,972
2611,349,381,429,448,910
2612,342,376,427,450,997
2613,344,387,439,452,929
2614,357,390,442,442,932
2615,351,384,438,438,950
2616,349,382,429,447,942
2617,348,381,431,444,932
2618,358,382,438,441,916
2619,339,384,428,445,1000
2620,341,386,444,435,894
2621,349,384,444,437,982
2622,344,383,432,446,973
2623,352,383,436,444,950
2624,351,381,432,447,878
2625,352,379,444,452,853
2626,351,377,446,457,941
2627,366,389,427,439,1023
2628,336,387,434,434,967
2629,352,381,433,445,925
2630,350,383,431,446,939
2631,357,379,430,449,889
2632,353,380,429,452,1023
2633,345,379,435,443,976
2634,364,379,428,439,1023
2635,358,380,431,443,936
2636,346,383,434,444,944
2637,352,383,433,447,967
2638,344,381,432,441,925
2639,349,382,438,445,920
2640,349,386,438,432,1023
2641,346,380,433,457,931
2642,353,384,432,445,933
2643,355,382,431,445,919
2644,352,385,429,450,926
2645,353,380,438,448,978
2646,350,374,436,453,938
2647,345,391,427,442,985
2648,347,383,432,440,990
2649,352,384,433,444,937
2650,351,382,434,446,961
2651,351,385,427,450,1023
2652,341,391,435,453,1023
2653,341,377,437,448,911
2654,356,386,422,439,1023
2655,353,385,430,445,949
2656,352,382,430,445,978
2657,352,381,432,446,931
2658,365,383,435,451,1023
2659,342,383,435,445,829
2660,363,383,429,433,915
2661,349,378,439,439,937
2662,352,382,432,444,937
2663,349,384,434,446,971
2664,352,379,427,447,990
2665,349,382,432,444,1023
2666,361,383,424,435,954
2667,348,390,432,438,1001
2668,351,383,431,445,885
2669,352,383,430,444,954
2670,349,380,432,444,926
2671,354,378,427,451,938
2672,348,368,444,465,833
2673,348,373,420,443,965
2674,344,389,427,446,952
2675,348,385,433,448,927
2676,350,380,435,444,942
2677,352,382,437,443,985
2678,352,380,426,437,951
2679,349,383,437,453,890
2680,350,388,431,442,976
2681,352,384,433,441,962
2682,352,383,429,446,963
2683,352,384,431,444,926
2684,348,382,431,444,915
2685,344,385,426,448,1001
2686,347,378,438,450,910
2687,351,391,424,444,931
2688,352,384,425,439,927
2689,351,383,432,445,966
2690,351,383,435,447,950
2691,354,386,434,450,991
2692,354,393,417,427,985
2693,356,376,431,436,922
2694,355,384,426,443,1023
2695,350,381,430,445,931
2696,352,383,432,443,932
2697,350,383,427,439,897
2698,346,384,444,445,913
2699,356,391,429,450,1023
2700,340,381,440,444,938
2701,347,386,437,442,1015
2702,352,384,432,444,976
2703,353,384,432,444,951
2704,349,381,440,436,863
2705,346,385,434,435,946
2706,355,380,433,449,944
2707,351,388,426,441,1018
2708,347,378,434,445,946
2709,350,381,432,445,919
2710,350,383,431,444,939
2711,349,387,426,433,911
2712,336,392,441,447,962
2713,359,390,431,449,1023
2714,354,382,438,454,870
2715,348,384,432,446,964
2716,353,381,432,443,958
2717,356,382,432,451,978
2718,360,388,427,452,976
2719,361,379,434,429,950
2720,346,373,431,455,931
2721,352,378,429,437,924
2722,352,384,432,443,939
2723,351,382,431,445,933
2724,346,382,427,438,979
2725,354,388,428,433,848
2726,354,385,431,436,914
2727,353,383,435,438,837
2728,354,384,435,443,952
2729,348,383,431,444,954
2730,351,384,432,444,1023
2731,358,387,432,444,991
2732,337,385,435,441,878
2733,359,375,433,446,972
2734,354,382,428,448,971
2735,350,381,433,446,914
2736,350,380,429,444,929
2737,351,383,430,447,886
2738,352,383,432,445,956
2739,350,380,440,434,965
2740,353,375,436,446,964
2741,347,383,423,446,901
2742,350,383,430,446,959
2743,351,383,430,445,964
2744,353,385,425,450,956
2745,356,397,420,441,869
2746,347,383,435,457,849
2747,339,384,440,454,888
2748,346,382,432,445,989
2749,352,385,431,444,955
2750,349,381,431,443,999
2751,348,380,426,440,934
2752,346,382,426,449,978
2753,351,382,424,442,1023
2754,343,380,429,441,958
2755,348,383,433,445,958
2756,352,382,432,447,969
2757,356,385,435,446,916
2758,353,372,427,452,962
2759,344,386,427,439,926
2760,339,383,426,448,986
2761,350,373,426,441,926
2762,352,382,432,446,918
2763,350,382,429,443,935
2764,360,379,430,437,937
2765,358,376,432,433,922
2766,350,379,418,438,1023
2767,356,378,419,438,852
2768,350,383,436,446,957
2769,356,382,434,446,972
2770,354,379,432,438,976
2771,360,388,431,443,922
2772,342,378,429,445,908
2773,340,382,422,447,1023
2774,346,376,430,438,960
2775,349,382,429,446,916
2776,353,385,430,444,949
2777,354,377,431,442,891
2778,361,381,427,438,1023
2779,356,376,420,448,944
2780,342,384,427,446,1022
2781,348,384,433,445,971
2782,348,386,429,443,958
2783,352,384,431,437,933
2784,355,385,437,443,981
2785,360,382,422,438,1002
2786,347,381,441,442,835
2787,344,374,433,446,980
2788,348,382,432,446,917
2789,345,380,431,443,930
2790,357,384,432,443,1013
2791,342,377,426,444,1023
2792,356,387,419,446,970
2793,360,378,431,440,940
2794,349,381,429,445,925
2795,348,385,432,441,959
2796,351,384,433,444,980
2797,358,392,420,447,979
2798,351,381,442,447,889
2799,347,388,427,449,907
2800,344,377,430,448,967
2801,352,381,431,445,937
2802,348,385,433,446,951
2803,348,376,427,440,913
2804,350,387,433,438,902
2805,358,394,420,442,994
2806,347,382,446,434,955
2807,339,378,434,446,967
2808,351,384,433,443,939
2809,352,382,431,445,946
2810,359,386,437,444,821
2811,357,397,418,435,930
2812,362,376,423,447,950
2813,351,387,436,446,865
2814,353,382,429,441,911
2815,350,384,431,443,928
2816,350,383,428,440,985
2817,349,392,430,438,952
2818,334,387,433,445,900
2819,351,388,434,436,951
2820,347,384,428,451,968
2821,348,385,430,443,985
2822,350,386,430,447,961
2823,355,387,433,446,974
2824,348,390,432,440,873
2825,344,387,443,438,886
2826,327,387,437,449,863
2827,351,384,427,444,913
2828,352,383,434,444,944
2829,352,383,430,445,963
2830,347,377,421,444,1013
2831,340,390,423,442,888
2832,354,382,431,460,1023
2833,345,384,434,445,972
2834,349,383,430,445,948
2835,351,384,431,445,958
2836,353,383,436,440,999
2837,354,389,431,432,1023
2838,350,381,433,446,945
2839,342,382,428,442,968
2840,353,383,427,451,942
2841,351,382,433,444,939
2842,351,384,430,444,932
2843,346,384,435,446,871
2844,341,394,446,440,927
2845,361,385,429,441,960
2846,342,377,437,448,867
2847,356,382,429,441,934
2848,353,383,434,443,942
2849,354,391,423,443,951
2850,359,389,436,439,982
2851,342,389,438,433,921
2852,357,387,427,443,1023
2853,357,380,431,442,964
2854,352,385,429,445,921
2855,350,382,430,444,921
2856,352,386,433,438,859
2857,350,378,427,443,815
2858,342,376,437,459,787
2859,348,384,427,457,933
2860,353,386,430,447,931
2861,353,381,430,447,960
2862,351,383,431,448,972
2863,331,391,433,443,908
2864,361,388,424,441,1023
2865,348,374,440,440,892
2866,359,381,426,443,920
2867,351,382,429,445,941
2868,352,382,429,445,928
2869,345,382,437,445,942
2870,351,389,433,430,996
2871,342,383,441,443,871
2872,350,379,433,442,893
2873,349,389,432,449,980
2874,348,380,431,443,915
2875,350,384,431,445,963
2876,350,391,426,441,902
2877,348,374,439,451,880
2878,346,373,432,444,875
2879,342,383,421,441,980
2880,348,384,431,444,945
2881,350,383,431,444,933
2882,350,387,428,443,926
2883,345,380,430,443,792
2884,350,387,430,432,1023
2885,348,385,433,451,1007
2886,345,379,437,443,939
2887,351,382,430,443,954
2888,350,385,431,447,966
2889,354,388,425,444,1023
2890,332,383,431,466,944
2891,350,388,428,437,1023
2892,346,375,438,442,920
2893,348,382,431,444,932
2894,351,383,430,447,952
2895,347,384,433,442,1015
2896,355,383,431,439,1023
2897,346,389,435,443,929
2898,352,387,420,447,1023
2899,344,383,423,447,981
2900,346,382,432,447,928
2901,350,384,432,445,956
2902,354,386,421,447,1015
2903,352,382,428,448,1023
2904,348,383,439,440,1000
2905,354,388,429,433,925
2906,346,387,433,443,940
2907,351,384,432,445,915
2908,351,391,429,447,950
2909,340,378,430,447,1008
2910,341,381,429,464,959
2911,340,381,437,454,914
2912,354,393,427,442,891
2913,349,384,431,448,959
2914,348,382,429,445,963
2915,349,381,436,451,984
2916,359,377,420,444,932
2917,352,381,425,451,1016
2918,346,388,435,442,873
2919,350,382,429,443,939
2920,348,380,430,446,927
2921,348,381,433,445,929
2922,346,381,425,449,928
2923,346,383,444,452,940
2924,346,390,434,450,1023
2925,343,381,419,438,878
2926,352,384,432,445,977
2927,350,385,433,445,947
2928,354,381,431,447,901
2929,352,395,434,431,936
2930,359,384,439,445,930
2931,356,387,425,444,916
2932,347,386,430,445,945
2933,349,384,429,445,941
2934,349,383,431,444,939
2935,354,375,420,444,985
2936,361,380,433,454,954
2937,353,392,420,447,1012
2938,341,383,432,461,994
2939,351,386,433,446,935
2940,350,383,433,445,966
2941,350,385,427,441,981
2942,352,383,429,442,1023
2943,358,386,431,431,951
2944,356,381,423,441,944
2945,352,380,434,442,958
2946,348,383,434,441,918
2947,349,384,431,444,935
2948,338,382,429,442,883
2949,352,395,435,428,970
2950,348,377,423,451,953
2951,348,385,434,443,990
2952,352,383,431,443,944
2953,350,381,432,445,948
2954,350,380,424,446,968
2955,345,385,440,440,920
2956,349,384,433,452,1017
2957,357,385,434,433,1023
2958,353,385,428,444,923
2959,351,386,428,444,942
2960,350,382,430,446,945
2961,356,385,431,442,900
2962,346,380,445,452,930
2963,342,381,430,444,1023
2964,340,384,433,447,922
2965,347,382,429,449,946
2966,350,383,431,443,976
2967,350,384,430,455,923
2968,356,384,428,445,932
2969,349,386,433,444,902
2970,349,385,428,439,908
2971,346,387,430,445,911
2972,347,384,430,446,948
2973,347,383,431,444,939
2974,347,383,432,439,893
2975,350,385,424,449,1023
2976,350,381,432,449,960
2977,344,382,424,446,862
2978,341,385,427,445,942
2979,351,384,433,444,942
2980,348,382,431,445,950
2981,349,385,438,440,978
2982,343,387,440,454,917
2983,346,387,424,439,930
2984,351,383,430,457,947
2985,346,383,429,446,922
2986,347,385,432,446,934
2987,346,384,429,452,937
2988,347,380,437,445,916
2989,357,393,419,441,911
2990,346,392,432,447,888
2991,354,387,428,450,929
2992,349,384,432,443,952
2993,352,385,429,444,969
2994,346,382,438,449,816
2995,349,386,435,446,1023
2996,351,382,436,438,1016
2997,342,376,437,451,928
2998,354,381,429,445,977
2999,348,383,434,445,916
